Date,Time,Visitors,Queue_Length,Weather,Event,Holiday,Customers,Items_Bought,DayOfWeek,Waiting_Time
2023-10-09,09:00,39.0,9.0,Cloudy,None,False,31.0,365.0,0.0,6.083333333333333
2023-10-09,09:10,46.666666666666664,11.0,,,,37.666666666666664,400.0,0.0,6.666666666666666
2023-10-09,09:20,54.333333333333336,13.0,,,,44.333333333333336,435.0,0.0,7.25
2023-10-09,09:30,62.0,15.0,Cloudy,Concert,False,51.0,470.0,0.0,7.833333333333333
2023-10-09,09:40,60.333333333333336,13.333333333333334,,,,49.0,460.3333333333333,0.0,7.672222222222222
2023-10-09,09:50,58.666666666666664,11.666666666666666,,,,47.0,450.6666666666667,0.0,7.511111111111111
2023-10-09,10:00,57.0,10.0,Sunny,Concert,False,45.0,441.0,0.0,7.35
2023-10-09,10:10,59.0,11.333333333333334,,,,47.0,469.3333333333333,0.0,7.822222222222222
2023-10-09,10:20,61.0,12.666666666666666,,,,49.0,497.6666666666667,0.0,8.294444444444444
2023-10-09,10:30,63.0,14.0,Sunny,Concert,False,51.0,526.0,0.0,8.766666666666667
2023-10-09,10:40,55.333333333333336,11.333333333333334,,,,44.666666666666664,460.6666666666667,0.0,7.677777777777778
2023-10-09,10:50,47.666666666666664,8.666666666666668,,,,38.333333333333336,395.33333333333337,0.0,6.588888888888889
2023-10-09,11:00,40.0,6.0,Rainy,None,False,32.0,330.0,0.0,5.5
2023-10-09,11:10,39.666666666666664,7.333333333333333,,,,32.666666666666664,328.0,0.0,5.466666666666667
2023-10-09,11:20,39.333333333333336,8.666666666666666,,,,33.333333333333336,326.0,0.0,5.433333333333334
2023-10-09,11:30,39.0,10.0,Rainy,Concert,False,34.0,324.0,0.0,5.4
2023-10-09,11:40,38.666666666666664,9.666666666666666,,,,33.0,322.3333333333333,0.0,5.372222222222223
2023-10-09,11:50,38.333333333333336,9.333333333333334,,,,32.0,320.6666666666667,0.0,5.344444444444444
2023-10-09,12:00,38.0,9.0,Sunny,Concert,False,31.0,319.0,0.0,5.316666666666666
2023-10-09,12:10,45.333333333333336,10.333333333333334,,,,36.333333333333336,371.3333333333333,0.0,6.188888888888889
2023-10-09,12:20,52.666666666666664,11.666666666666666,,,,41.666666666666664,423.6666666666667,0.0,7.061111111111111
2023-10-09,12:30,60.0,13.0,Rainy,None,False,47.0,476.0,0.0,7.933333333333334
2023-10-09,12:40,56.666666666666664,13.333333333333334,,,,43.666666666666664,437.0,0.0,7.283333333333333
2023-10-09,12:50,53.333333333333336,13.666666666666666,,,,40.333333333333336,398.0,0.0,6.633333333333334
2023-10-09,13:00,50.0,14.0,Sunny,None,False,37.0,359.0,0.0,5.983333333333333
2023-10-09,13:10,46.666666666666664,11.333333333333334,,,,34.333333333333336,348.6666666666667,0.0,5.811111111111111
2023-10-09,13:20,43.333333333333336,8.666666666666668,,,,31.666666666666668,338.3333333333333,0.0,5.638888888888889
2023-10-09,13:30,40.0,6.0,Cloudy,None,False,29.0,328.0,0.0,5.466666666666667
2023-10-09,13:40,45.666666666666664,6.0,,,,33.333333333333336,353.6666666666667,0.0,5.894444444444445
2023-10-09,13:50,51.333333333333336,6.0,,,,37.666666666666664,379.3333333333333,0.0,6.322222222222222
2023-10-09,14:00,57.0,6.0,Sunny,None,False,42.0,405.0,0.0,6.75
2023-10-09,14:10,51.666666666666664,8.0,,,,39.333333333333336,357.6666666666667,0.0,5.961111111111111
2023-10-09,14:20,46.333333333333336,10.0,,,,36.666666666666664,310.3333333333333,0.0,5.1722222222222225
2023-10-09,14:30,41.0,12.0,Sunny,Sale,False,34.0,263.0,0.0,4.383333333333334
2023-10-09,14:40,44.0,12.333333333333334,,,,37.333333333333336,310.0,0.0,5.166666666666667
2023-10-09,14:50,47.0,12.666666666666666,,,,40.666666666666664,357.0,0.0,5.95
2023-10-09,15:00,50.0,13.0,Cloudy,None,False,44.0,404.0,0.0,6.733333333333333
2023-10-09,15:10,45.666666666666664,12.333333333333334,,,,37.333333333333336,338.0,0.0,5.633333333333333
2023-10-09,15:20,41.333333333333336,11.666666666666666,,,,30.666666666666664,272.0,0.0,4.533333333333333
2023-10-09,15:30,37.0,11.0,Sunny,Concert,False,24.0,206.0,0.0,3.433333333333333
2023-10-09,15:40,42.666666666666664,10.666666666666666,,,,30.0,267.3333333333333,0.0,4.455555555555556
2023-10-09,15:50,48.333333333333336,10.333333333333334,,,,36.0,328.6666666666667,0.0,5.477777777777778
2023-10-09,16:00,54.0,10.0,Sunny,Concert,False,42.0,390.0,0.0,6.5
2023-10-09,16:10,54.666666666666664,10.666666666666666,,,,41.0,421.6666666666667,0.0,7.027777777777778
2023-10-09,16:20,55.333333333333336,11.333333333333334,,,,40.0,453.3333333333333,0.0,7.555555555555556
2023-10-09,16:30,56.0,12.0,Cloudy,None,False,39.0,485.0,0.0,8.083333333333334
2023-10-09,16:40,55.666666666666664,11.333333333333334,,,,41.333333333333336,475.3333333333333,0.0,7.9222222222222225
2023-10-09,16:50,55.333333333333336,10.666666666666666,,,,43.666666666666664,465.6666666666667,0.0,7.761111111111111
2023-10-09,17:00,55.0,10.0,Sunny,None,False,46.0,456.0,0.0,7.6
2023-10-09,17:10,58.666666666666664,10.0,,,,46.666666666666664,473.6666666666667,0.0,7.894444444444444
2023-10-09,17:20,62.333333333333336,10.0,,,,47.333333333333336,491.3333333333333,0.0,8.188888888888888
2023-10-09,17:30,66.0,10.0,Sunny,None,False,48.0,509.0,0.0,8.483333333333333
2023-10-09,17:40,59.666666666666664,9.0,,,,43.0,429.3333333333333,0.0,7.155555555555555
2023-10-09,17:50,53.333333333333336,8.0,,,,38.0,349.66666666666663,0.0,5.8277777777777775
2023-10-09,18:00,47.0,7.0,Rainy,Concert,False,33.0,270.0,0.0,4.5
2023-10-09,18:10,49.333333333333336,9.333333333333334,,,,36.0,308.0,0.0,5.133333333333334
2023-10-09,18:20,51.666666666666664,11.666666666666668,,,,39.0,346.0,0.0,5.766666666666667
2023-10-09,18:30,54.0,14.0,Sunny,Sale,False,42.0,384.0,0.0,6.4
2023-10-09,18:40,51.333333333333336,13.666666666666666,,,,40.666666666666664,380.6666666666667,0.0,6.344444444444445
2023-10-09,18:50,48.666666666666664,13.333333333333334,,,,39.333333333333336,377.3333333333333,0.0,6.288888888888889
2023-10-09,19:00,46.0,13.0,Cloudy,None,False,38.0,374.0,0.0,6.233333333333333
2023-10-09,19:10,44.666666666666664,10.666666666666666,,,,35.666666666666664,342.0,0.0,5.7
2023-10-09,19:20,43.333333333333336,8.333333333333332,,,,33.333333333333336,310.0,0.0,5.166666666666667
2023-10-09,19:30,42.0,6.0,Sunny,None,False,31.0,278.0,0.0,4.633333333333334
2023-10-09,19:40,46.0,6.0,,,,33.333333333333336,297.0,0.0,4.95
2023-10-09,19:50,50.0,6.0,,,,35.666666666666664,316.0,0.0,5.266666666666667
2023-10-09,20:00,54.0,6.0,Rainy,Concert,False,38.0,335.0,0.0,5.583333333333333
2023-10-09,20:10,49.666666666666664,6.333333333333333,,,,36.0,312.0,0.0,5.2
2023-10-09,20:20,45.333333333333336,6.666666666666667,,,,34.0,289.0,0.0,4.816666666666666
2023-10-09,20:30,41.0,7.0,Rainy,Sale,False,32.0,266.0,0.0,4.433333333333334
2023-10-09,20:40,40.88,7.013333333333334,,,,31.92,265.97333333333336,0.013333333333333334,4.432888888888889
2023-10-09,20:50,40.76,7.026666666666666,,,,31.84,265.94666666666666,0.02666666666666667,4.432444444444445
2023-10-09,21:00,40.64,7.04,,,,31.76,265.92,0.04,4.432
2023-10-09,21:10,40.52,7.053333333333334,,,,31.68,265.8933333333333,0.05333333333333334,4.431555555555556
2023-10-09,21:20,40.4,7.066666666666666,,,,31.6,265.8666666666667,0.06666666666666667,4.431111111111111
2023-10-09,21:30,40.28,7.08,,,,31.52,265.84,0.08,4.430666666666667
2023-10-09,21:40,40.16,7.093333333333334,,,,31.44,265.81333333333333,0.09333333333333334,4.4302222222222225
2023-10-09,21:50,40.04,7.1066666666666665,,,,31.36,265.7866666666667,0.10666666666666667,4.429777777777778
2023-10-09,22:00,39.92,7.12,,,,31.28,265.76,0.12000000000000001,4.429333333333334
2023-10-09,22:10,39.8,7.133333333333334,,,,31.2,265.73333333333335,0.13333333333333333,4.428888888888889
2023-10-09,22:20,39.68,7.1466666666666665,,,,31.12,265.70666666666665,0.14666666666666667,4.428444444444445
2023-10-09,22:30,39.56,7.16,,,,31.04,265.68,0.16,4.428
2023-10-09,22:40,39.44,7.173333333333334,,,,30.96,265.6533333333333,0.17333333333333334,4.427555555555556
2023-10-09,22:50,39.32,7.1866666666666665,,,,30.88,265.62666666666667,0.18666666666666668,4.427111111111111
2023-10-09,23:00,39.2,7.2,,,,30.8,265.6,0.2,4.426666666666667
2023-10-09,23:10,39.08,7.213333333333333,,,,30.72,265.5733333333333,0.21333333333333335,4.426222222222222
2023-10-09,23:20,38.96,7.226666666666667,,,,30.64,265.5466666666667,0.22666666666666668,4.425777777777778
2023-10-09,23:30,38.84,7.24,,,,30.56,265.52,0.24000000000000002,4.425333333333334
2023-10-09,23:40,38.72,7.253333333333333,,,,30.48,265.49333333333334,0.25333333333333335,4.424888888888889
2023-10-09,23:50,38.6,7.266666666666667,,,,30.4,265.46666666666664,0.26666666666666666,4.424444444444445
2023-10-10,00:00,38.48,7.28,,,,30.32,265.44,0.28,4.424
2023-10-10,00:10,38.36,7.293333333333333,,,,30.24,265.41333333333336,0.29333333333333333,4.423555555555556
2023-10-10,00:20,38.24,7.306666666666667,,,,30.16,265.38666666666666,0.3066666666666667,4.423111111111111
2023-10-10,00:30,38.12,7.32,,,,30.08,265.36,0.32,4.422666666666667
2023-10-10,00:40,38.0,7.333333333333333,,,,30.0,265.3333333333333,0.33333333333333337,4.4222222222222225
2023-10-10,00:50,37.88,7.346666666666667,,,,29.92,265.3066666666667,0.3466666666666667,4.421777777777778
2023-10-10,01:00,37.76,7.36,,,,29.84,265.28,0.36000000000000004,4.421333333333334
2023-10-10,01:10,37.64,7.373333333333333,,,,29.759999999999998,265.25333333333333,0.37333333333333335,4.420888888888889
2023-10-10,01:20,37.52,7.386666666666667,,,,29.68,265.2266666666667,0.3866666666666667,4.420444444444445
2023-10-10,01:30,37.4,7.4,,,,29.6,265.2,0.4,4.42
2023-10-10,01:40,37.28,7.413333333333333,,,,29.52,265.17333333333335,0.4133333333333334,4.419555555555556
2023-10-10,01:50,37.16,7.426666666666667,,,,29.44,265.14666666666665,0.4266666666666667,4.419111111111111
2023-10-10,02:00,37.04,7.44,,,,29.36,265.12,0.44,4.418666666666667
2023-10-10,02:10,36.92,7.453333333333333,,,,29.28,265.0933333333333,0.45333333333333337,4.418222222222223
2023-10-10,02:20,36.8,7.466666666666667,,,,29.2,265.06666666666666,0.4666666666666667,4.417777777777778
2023-10-10,02:30,36.68,7.48,,,,29.12,265.04,0.48000000000000004,4.417333333333334
2023-10-10,02:40,36.56,7.493333333333333,,,,29.04,265.0133333333333,0.49333333333333335,4.416888888888889
2023-10-10,02:50,36.44,7.506666666666667,,,,28.96,264.9866666666667,0.5066666666666667,4.416444444444445
2023-10-10,03:00,36.32,7.52,,,,28.88,264.96,0.52,4.416
2023-10-10,03:10,36.2,7.533333333333333,,,,28.8,264.93333333333334,0.5333333333333333,4.415555555555556
2023-10-10,03:20,36.08,7.546666666666667,,,,28.72,264.9066666666667,0.5466666666666667,4.415111111111111
2023-10-10,03:30,35.96,7.5600000000000005,,,,28.64,264.88,0.56,4.414666666666667
2023-10-10,03:40,35.84,7.573333333333333,,,,28.56,264.85333333333335,0.5733333333333334,4.4142222222222225
2023-10-10,03:50,35.72,7.586666666666667,,,,28.48,264.82666666666665,0.5866666666666667,4.413777777777778
2023-10-10,04:00,35.6,7.6,,,,28.4,264.8,0.6000000000000001,4.413333333333334
2023-10-10,04:10,35.480000000000004,7.613333333333333,,,,28.32,264.7733333333333,0.6133333333333334,4.412888888888889
2023-10-10,04:20,35.36,7.626666666666667,,,,28.24,264.74666666666667,0.6266666666666667,4.412444444444445
2023-10-10,04:30,35.24,7.64,,,,28.16,264.72,0.64,4.412
2023-10-10,04:40,35.12,7.653333333333333,,,,28.08,264.6933333333333,0.6533333333333333,4.411555555555556
2023-10-10,04:50,35.0,7.666666666666667,,,,28.0,264.6666666666667,0.6666666666666667,4.411111111111111
2023-10-10,05:00,34.88,7.68,,,,27.92,264.64,0.68,4.410666666666667
2023-10-10,05:10,34.76,7.693333333333333,,,,27.84,264.61333333333334,0.6933333333333334,4.410222222222223
2023-10-10,05:20,34.64,7.706666666666667,,,,27.759999999999998,264.58666666666664,0.7066666666666667,4.409777777777778
2023-10-10,05:30,34.52,7.72,,,,27.68,264.56,0.7200000000000001,4.4093333333333335
2023-10-10,05:40,34.4,7.733333333333333,,,,27.6,264.53333333333336,0.7333333333333334,4.408888888888889
2023-10-10,05:50,34.28,7.746666666666667,,,,27.52,264.50666666666666,0.7466666666666667,4.408444444444445
2023-10-10,06:00,34.16,7.76,,,,27.439999999999998,264.48,0.76,4.408
2023-10-10,06:10,34.04,7.773333333333333,,,,27.36,264.4533333333333,0.7733333333333334,4.407555555555556
2023-10-10,06:20,33.92,7.786666666666667,,,,27.28,264.4266666666667,0.7866666666666667,4.407111111111112
2023-10-10,06:30,33.8,7.8,,,,27.2,264.4,0.8,4.406666666666667
2023-10-10,06:40,33.68,7.8133333333333335,,,,27.12,264.37333333333333,0.8133333333333334,4.4062222222222225
2023-10-10,06:50,33.56,7.826666666666667,,,,27.04,264.3466666666667,0.8266666666666668,4.405777777777778
2023-10-10,07:00,33.44,7.84,,,,26.96,264.32,0.8400000000000001,4.405333333333334
2023-10-10,07:10,33.32,7.8533333333333335,,,,26.88,264.29333333333335,0.8533333333333334,4.404888888888889
2023-10-10,07:20,33.2,7.866666666666667,,,,26.8,264.26666666666665,0.8666666666666667,4.404444444444445
2023-10-10,07:30,33.08,7.88,,,,26.72,264.24,0.88,4.404
2023-10-10,07:40,32.96,7.8933333333333335,,,,26.64,264.2133333333333,0.8933333333333334,4.403555555555556
2023-10-10,07:50,32.84,7.906666666666666,,,,26.56,264.18666666666667,0.9066666666666667,4.403111111111111
2023-10-10,08:00,32.72,7.92,,,,26.48,264.16,0.92,4.402666666666667
2023-10-10,08:10,32.6,7.933333333333334,,,,26.4,264.1333333333333,0.9333333333333333,4.402222222222223
2023-10-10,08:20,32.480000000000004,7.946666666666667,,,,26.32,264.1066666666667,0.9466666666666668,4.401777777777778
2023-10-10,08:30,32.36,7.96,,,,26.240000000000002,264.08,0.9600000000000001,4.4013333333333335
2023-10-10,08:40,32.24,7.973333333333334,,,,26.16,264.05333333333334,0.9733333333333334,4.400888888888889
2023-10-10,08:50,32.120000000000005,7.986666666666666,,,,26.08,264.02666666666664,0.9866666666666667,4.400444444444445
2023-10-10,09:00,32.0,8.0,Rainy,Concert,False,26.0,264.0,1.0,4.4
2023-10-10,09:10,43.666666666666664,9.666666666666666,,,,35.666666666666664,381.0,1.0,6.3500000000000005
2023-10-10,09:20,55.33333333333333,11.333333333333334,,,,45.33333333333333,498.0,1.0,8.3
2023-10-10,09:30,67.0,13.0,Rainy,Concert,False,55.0,615.0,1.0,10.25
2023-10-10,09:40,59.333333333333336,11.0,,,,48.0,524.6666666666666,1.0,8.744444444444444
2023-10-10,09:50,51.666666666666664,9.0,,,,41.0,434.33333333333337,1.0,7.238888888888889
2023-10-10,10:00,44.0,7.0,Sunny,None,False,34.0,344.0,1.0,5.733333333333333
2023-10-10,10:10,46.0,8.333333333333334,,,,34.333333333333336,337.6666666666667,1.0,5.627777777777778
2023-10-10,10:20,48.0,9.666666666666666,,,,34.666666666666664,331.3333333333333,1.0,5.522222222222222
2023-10-10,10:30,50.0,11.0,Sunny,Concert,False,35.0,325.0,1.0,5.416666666666667
2023-10-10,10:40,47.666666666666664,10.666666666666666,,,,34.666666666666664,308.6666666666667,1.0,5.144444444444445
2023-10-10,10:50,45.333333333333336,10.333333333333334,,,,34.333333333333336,292.3333333333333,1.0,4.872222222222222
2023-10-10,11:00,43.0,10.0,Rainy,None,False,34.0,276.0,1.0,4.6
2023-10-10,11:10,48.0,11.333333333333334,,,,36.666666666666664,327.6666666666667,1.0,5.461111111111111
2023-10-10,11:20,53.0,12.666666666666666,,,,39.333333333333336,379.3333333333333,1.0,6.322222222222222
2023-10-10,11:30,58.0,14.0,Cloudy,Concert,False,42.0,431.0,1.0,7.183333333333334
2023-10-10,11:40,52.666666666666664,13.333333333333334,,,,38.666666666666664,398.6666666666667,1.0,6.644444444444445
2023-10-10,11:50,47.333333333333336,12.666666666666666,,,,35.333333333333336,366.3333333333333,1.0,6.105555555555555
2023-10-10,12:00,42.0,12.0,Cloudy,Sale,False,32.0,334.0,1.0,5.566666666666666
2023-10-10,12:10,47.0,11.333333333333334,,,,37.666666666666664,394.3333333333333,1.0,6.572222222222222
2023-10-10,12:20,52.0,10.666666666666666,,,,43.333333333333336,454.6666666666667,1.0,7.5777777777777775
2023-10-10,12:30,57.0,10.0,Rainy,None,False,49.0,515.0,1.0,8.583333333333334
2023-10-10,12:40,56.333333333333336,9.333333333333334,,,,45.666666666666664,462.0,1.0,7.7
2023-10-10,12:50,55.666666666666664,8.666666666666666,,,,42.333333333333336,409.0,1.0,6.816666666666667
2023-10-10,13:00,55.0,8.0,Cloudy,None,False,39.0,356.0,1.0,5.933333333333334
2023-10-10,13:10,48.0,8.0,,,,36.0,348.6666666666667,1.0,5.811111111111111
2023-10-10,13:20,41.0,8.0,,,,33.0,341.3333333333333,1.0,5.688888888888889
2023-10-10,13:30,34.0,8.0,Cloudy,Sale,False,30.0,334.0,1.0,5.566666666666666
2023-10-10,13:40,37.0,8.0,,,,31.666666666666668,343.0,1.0,5.716666666666667
2023-10-10,13:50,40.0,8.0,,,,33.333333333333336,352.0,1.0,5.866666666666666
2023-10-10,14:00,43.0,8.0,Rainy,Sale,False,35.0,361.0,1.0,6.016666666666667
2023-10-10,14:10,43.666666666666664,9.333333333333334,,,,34.333333333333336,355.0,1.0,5.916666666666667
2023-10-10,14:20,44.333333333333336,10.666666666666666,,,,33.666666666666664,349.0,1.0,5.816666666666666
2023-10-10,14:30,45.0,12.0,Sunny,Concert,False,33.0,343.0,1.0,5.716666666666667
2023-10-10,14:40,45.0,10.0,,,,33.0,326.0,1.0,5.433333333333334
2023-10-10,14:50,45.0,8.0,,,,33.0,309.0,1.0,5.1499999999999995
2023-10-10,15:00,45.0,6.0,Cloudy,Concert,False,33.0,292.0,1.0,4.866666666666666
2023-10-10,15:10,50.666666666666664,8.666666666666666,,,,38.0,333.6666666666667,1.0,5.561111111111111
2023-10-10,15:20,56.333333333333336,11.333333333333332,,,,43.0,375.3333333333333,1.0,6.2555555555555555
2023-10-10,15:30,62.0,14.0,Rainy,Concert,False,48.0,417.0,1.0,6.95
2023-10-10,15:40,57.0,11.0,,,,44.0,377.3333333333333,1.0,6.288888888888889
2023-10-10,15:50,52.0,8.0,,,,40.0,337.6666666666667,1.0,5.627777777777778
2023-10-10,16:00,47.0,5.0,Cloudy,Sale,False,36.0,298.0,1.0,4.966666666666667
2023-10-10,16:10,49.0,6.0,,,,38.666666666666664,336.6666666666667,1.0,5.611111111111112
2023-10-10,16:20,51.0,7.0,,,,41.333333333333336,375.3333333333333,1.0,6.2555555555555555
2023-10-10,16:30,53.0,8.0,Sunny,Sale,False,44.0,414.0,1.0,6.9
2023-10-10,16:40,46.333333333333336,6.666666666666667,,,,38.333333333333336,364.0,1.0,6.066666666666667
2023-10-10,16:50,39.666666666666664,5.333333333333334,,,,32.666666666666664,314.0,1.0,5.233333333333333
2023-10-10,17:00,33.0,4.0,Rainy,Sale,False,27.0,264.0,1.0,4.4
2023-10-10,17:10,36.0,3.6666666666666665,,,,29.0,289.0,1.0,4.816666666666667
2023-10-10,17:20,39.0,3.3333333333333335,,,,31.0,314.0,1.0,5.233333333333333
2023-10-10,17:30,42.0,3.0,Cloudy,Sale,False,33.0,339.0,1.0,5.65
2023-10-10,17:40,43.666666666666664,4.666666666666667,,,,33.333333333333336,346.6666666666667,1.0,5.777777777777778
2023-10-10,17:50,45.333333333333336,6.333333333333334,,,,33.666666666666664,354.3333333333333,1.0,5.905555555555556
2023-10-10,18:00,47.0,8.0,Sunny,Sale,False,34.0,362.0,1.0,6.033333333333333
2023-10-10,18:10,52.0,9.0,,,,38.0,409.3333333333333,1.0,6.822222222222222
2023-10-10,18:20,57.0,10.0,,,,42.0,456.6666666666667,1.0,7.611111111111112
2023-10-10,18:30,62.0,11.0,Sunny,None,False,46.0,504.0,1.0,8.4
2023-10-10,18:40,56.333333333333336,10.333333333333334,,,,42.333333333333336,448.6666666666667,1.0,7.477777777777778
2023-10-10,18:50,50.666666666666664,9.666666666666666,,,,38.666666666666664,393.3333333333333,1.0,6.555555555555556
2023-10-10,19:00,45.0,9.0,Rainy,Concert,False,35.0,338.0,1.0,5.633333333333334
2023-10-10,19:10,47.0,9.333333333333334,,,,38.0,381.0,1.0,6.3500000000000005
2023-10-10,19:20,49.0,9.666666666666666,,,,41.0,424.0,1.0,7.066666666666666
2023-10-10,19:30,51.0,10.0,Sunny,Sale,False,44.0,467.0,1.0,7.783333333333333
2023-10-10,19:40,48.0,7.666666666666666,,,,39.666666666666664,400.6666666666667,1.0,6.677777777777778
2023-10-10,19:50,45.0,5.333333333333333,,,,35.333333333333336,334.33333333333337,1.0,5.572222222222223
2023-10-10,20:00,42.0,3.0,Sunny,Sale,False,31.0,268.0,1.0,4.466666666666667
2023-10-10,20:10,48.0,7.333333333333333,,,,37.0,357.6666666666667,1.0,5.961111111111111
2023-10-10,20:20,54.0,11.666666666666666,,,,43.0,447.33333333333337,1.0,7.455555555555556
2023-10-10,20:30,60.0,16.0,Cloudy,Sale,False,49.0,537.0,1.0,8.95
2023-10-10,20:40,59.74666666666667,15.906666666666666,,,,48.76,533.28,1.0133333333333334,8.888
2023-10-10,20:50,59.49333333333333,15.813333333333333,,,,48.52,529.56,1.0266666666666666,8.825999999999999
2023-10-10,21:00,59.24,15.72,,,,48.28,525.84,1.04,8.764
2023-10-10,21:10,58.986666666666665,15.626666666666667,,,,48.04,522.12,1.0533333333333332,8.702
2023-10-10,21:20,58.733333333333334,15.533333333333333,,,,47.8,518.4,1.0666666666666667,8.639999999999999
2023-10-10,21:30,58.48,15.44,,,,47.56,514.68,1.08,8.578
2023-10-10,21:40,58.22666666666667,15.346666666666668,,,,47.32,510.96,1.0933333333333333,8.516
2023-10-10,21:50,57.973333333333336,15.253333333333334,,,,47.08,507.24,1.1066666666666667,8.453999999999999
2023-10-10,22:00,57.72,15.16,,,,46.84,503.52,1.12,8.392
2023-10-10,22:10,57.46666666666667,15.066666666666666,,,,46.6,499.8,1.1333333333333333,8.33
2023-10-10,22:20,57.21333333333333,14.973333333333333,,,,46.36,496.08,1.1466666666666667,8.267999999999999
2023-10-10,22:30,56.96,14.879999999999999,,,,46.12,492.36,1.16,8.206
2023-10-10,22:40,56.70666666666666,14.786666666666667,,,,45.88,488.64,1.1733333333333333,8.144
2023-10-10,22:50,56.45333333333333,14.693333333333333,,,,45.64,484.92,1.1866666666666668,8.081999999999999
2023-10-10,23:00,56.2,14.6,,,,45.4,481.2,1.2,8.02
2023-10-10,23:10,55.946666666666665,14.506666666666666,,,,45.16,477.48,1.2133333333333334,7.957999999999999
2023-10-10,23:20,55.693333333333335,14.413333333333334,,,,44.92,473.76,1.2266666666666666,7.895999999999999
2023-10-10,23:30,55.44,14.32,,,,44.68,470.03999999999996,1.24,7.834
2023-10-10,23:40,55.18666666666667,14.226666666666667,,,,44.44,466.32,1.2533333333333334,7.771999999999999
2023-10-10,23:50,54.93333333333333,14.133333333333333,,,,44.2,462.6,1.2666666666666666,7.709999999999999
2023-10-11,00:00,54.68,14.04,,,,43.96,458.88,1.28,7.648
2023-10-11,00:10,54.42666666666666,13.946666666666667,,,,43.72,455.15999999999997,1.2933333333333334,7.585999999999999
2023-10-11,00:20,54.17333333333333,13.853333333333333,,,,43.480000000000004,451.44,1.3066666666666666,7.523999999999999
2023-10-11,00:30,53.92,13.76,,,,43.24,447.72,1.32,7.462
2023-10-11,00:40,53.666666666666664,13.666666666666666,,,,43.0,444.0,1.3333333333333335,7.3999999999999995
2023-10-11,00:50,53.413333333333334,13.573333333333334,,,,42.76,440.28,1.3466666666666667,7.337999999999999
2023-10-11,01:00,53.16,13.48,,,,42.52,436.56,1.36,7.276
2023-10-11,01:10,52.906666666666666,13.386666666666667,,,,42.28,432.84,1.3733333333333333,7.2139999999999995
2023-10-11,01:20,52.653333333333336,13.293333333333333,,,,42.04,429.12,1.3866666666666667,7.151999999999999
2023-10-11,01:30,52.4,13.2,,,,41.8,425.4,1.4,7.09
2023-10-11,01:40,52.14666666666667,13.106666666666666,,,,41.56,421.68,1.4133333333333333,7.028
2023-10-11,01:50,51.89333333333333,13.013333333333334,,,,41.32,417.96,1.4266666666666667,6.965999999999999
2023-10-11,02:00,51.64,12.92,,,,41.08,414.24,1.44,6.904
2023-10-11,02:10,51.38666666666667,12.826666666666666,,,,40.84,410.52,1.4533333333333334,6.842
2023-10-11,02:20,51.13333333333333,12.733333333333334,,,,40.6,406.79999999999995,1.4666666666666668,6.779999999999999
2023-10-11,02:30,50.879999999999995,12.64,,,,40.36,403.08,1.48,6.718
2023-10-11,02:40,50.626666666666665,12.546666666666667,,,,40.120000000000005,399.36,1.4933333333333334,6.656
2023-10-11,02:50,50.373333333333335,12.453333333333333,,,,39.88,395.64,1.5066666666666668,6.593999999999999
2023-10-11,03:00,50.12,12.36,,,,39.64,391.91999999999996,1.52,6.532
2023-10-11,03:10,49.86666666666667,12.266666666666666,,,,39.4,388.2,1.5333333333333332,6.47
2023-10-11,03:20,49.61333333333333,12.173333333333334,,,,39.16,384.48,1.5466666666666669,6.4079999999999995
2023-10-11,03:30,49.36,12.08,,,,38.92,380.76,1.56,6.346
2023-10-11,03:40,49.10666666666667,11.986666666666666,,,,38.68,377.03999999999996,1.5733333333333333,6.284
2023-10-11,03:50,48.85333333333333,11.893333333333334,,,,38.44,373.32,1.5866666666666667,6.2219999999999995
2023-10-11,04:00,48.6,11.8,,,,38.2,369.6,1.6,6.16
2023-10-11,04:10,48.346666666666664,11.706666666666667,,,,37.96,365.88,1.6133333333333333,6.097999999999999
2023-10-11,04:20,48.093333333333334,11.613333333333333,,,,37.72,362.15999999999997,1.6266666666666667,6.036
2023-10-11,04:30,47.84,11.52,,,,37.480000000000004,358.44,1.6400000000000001,5.974
2023-10-11,04:40,47.586666666666666,11.426666666666666,,,,37.24,354.72,1.6533333333333333,5.911999999999999
2023-10-11,04:50,47.33333333333333,11.333333333333332,,,,37.0,351.0,1.6666666666666667,5.85
2023-10-11,05:00,47.08,11.24,,,,36.76,347.28,1.6800000000000002,5.788
2023-10-11,05:10,46.82666666666667,11.146666666666667,,,,36.519999999999996,343.56,1.6933333333333334,5.725999999999999
2023-10-11,05:20,46.57333333333333,11.053333333333333,,,,36.28,339.84000000000003,1.7066666666666666,5.664
2023-10-11,05:30,46.32,10.96,,,,36.04,336.12,1.7200000000000002,5.602
2023-10-11,05:40,46.06666666666666,10.866666666666667,,,,35.8,332.4,1.7333333333333334,5.539999999999999
2023-10-11,05:50,45.81333333333333,10.773333333333333,,,,35.56,328.67999999999995,1.7466666666666666,5.478
2023-10-11,06:00,45.56,10.68,,,,35.32,324.96,1.76,5.416
2023-10-11,06:10,45.306666666666665,10.586666666666666,,,,35.08,321.24,1.7733333333333334,5.353999999999999
2023-10-11,06:20,45.053333333333335,10.493333333333332,,,,34.84,317.52,1.7866666666666666,5.292
2023-10-11,06:30,44.8,10.399999999999999,,,,34.6,313.79999999999995,1.8,5.2299999999999995
2023-10-11,06:40,44.54666666666667,10.306666666666667,,,,34.36,310.08,1.8133333333333335,5.167999999999999
2023-10-11,06:50,44.29333333333333,10.213333333333333,,,,34.120000000000005,306.36,1.8266666666666667,5.106
2023-10-11,07:00,44.04,10.120000000000001,,,,33.88,302.64,1.84,5.044
2023-10-11,07:10,43.78666666666666,10.026666666666667,,,,33.64,298.91999999999996,1.8533333333333335,4.981999999999999
2023-10-11,07:20,43.53333333333333,9.933333333333334,,,,33.4,295.2,1.8666666666666667,4.92
2023-10-11,07:30,43.28,9.84,,,,33.16,291.48,1.88,4.858
2023-10-11,07:40,43.026666666666664,9.746666666666666,,,,32.92,287.76,1.8933333333333335,4.795999999999999
2023-10-11,07:50,42.77333333333333,9.653333333333332,,,,32.68,284.03999999999996,1.9066666666666667,4.734
2023-10-11,08:00,42.519999999999996,9.559999999999999,,,,32.44,280.32,1.92,4.672
2023-10-11,08:10,42.266666666666666,9.466666666666667,,,,32.2,276.59999999999997,1.9333333333333333,4.609999999999999
2023-10-11,08:20,42.013333333333335,9.373333333333333,,,,31.96,272.88,1.9466666666666668,4.548
2023-10-11,08:30,41.76,9.28,,,,31.72,269.15999999999997,1.96,4.486
2023-10-11,08:40,41.50666666666666,9.186666666666667,,,,31.48,265.44,1.9733333333333334,4.4239999999999995
2023-10-11,08:50,41.25333333333333,9.093333333333334,,,,31.240000000000002,261.71999999999997,1.9866666666666668,4.362
2023-10-11,09:00,41.0,9.0,Sunny,Sale,False,31.0,258.0,2.0,4.3
2023-10-11,09:10,44.0,9.0,,,,32.666666666666664,304.3333333333333,2.0,5.072222222222222
2023-10-11,09:20,47.0,9.0,,,,34.333333333333336,350.6666666666667,2.0,5.844444444444444
2023-10-11,09:30,50.0,9.0,Sunny,None,False,36.0,397.0,2.0,6.616666666666666
2023-10-11,09:40,50.666666666666664,8.0,,,,37.333333333333336,382.0,2.0,6.366666666666666
2023-10-11,09:50,51.333333333333336,7.0,,,,38.666666666666664,367.0,2.0,6.116666666666666
2023-10-11,10:00,52.0,6.0,Sunny,Sale,False,40.0,352.0,2.0,5.866666666666666
2023-10-11,10:10,50.666666666666664,6.666666666666667,,,,38.666666666666664,358.3333333333333,2.0,5.972222222222222
2023-10-11,10:20,49.333333333333336,7.333333333333333,,,,37.333333333333336,364.6666666666667,2.0,6.0777777777777775
2023-10-11,10:30,48.0,8.0,Rainy,Concert,False,36.0,371.0,2.0,6.183333333333334
2023-10-11,10:40,50.333333333333336,8.333333333333334,,,,37.333333333333336,377.6666666666667,2.0,6.294444444444444
2023-10-11,10:50,52.666666666666664,8.666666666666666,,,,38.666666666666664,384.3333333333333,2.0,6.405555555555556
2023-10-11,11:00,55.0,9.0,Sunny,None,False,40.0,391.0,2.0,6.516666666666667
2023-10-11,11:10,53.666666666666664,7.666666666666667,,,,41.333333333333336,400.3333333333333,2.0,6.6722222222222225
2023-10-11,11:20,52.333333333333336,6.333333333333334,,,,42.666666666666664,409.6666666666667,2.0,6.8277777777777775
2023-10-11,11:30,51.0,5.0,Cloudy,None,False,44.0,419.0,2.0,6.983333333333333
2023-10-11,11:40,50.0,7.0,,,,43.333333333333336,412.0,2.0,6.866666666666667
2023-10-11,11:50,49.0,9.0,,,,42.666666666666664,405.0,2.0,6.75
2023-10-11,12:00,48.0,11.0,Sunny,None,False,42.0,398.0,2.0,6.633333333333334
2023-10-11,12:10,47.0,11.0,,,,40.0,386.3333333333333,2.0,6.438888888888889
2023-10-11,12:20,46.0,11.0,,,,38.0,374.6666666666667,2.0,6.2444444444444445
2023-10-11,12:30,45.0,11.0,Rainy,Sale,False,36.0,363.0,2.0,6.05
2023-10-11,12:40,42.0,10.333333333333334,,,,34.0,346.3333333333333,2.0,5.772222222222222
2023-10-11,12:50,39.0,9.666666666666666,,,,32.0,329.6666666666667,2.0,5.4944444444444445
2023-10-11,13:00,36.0,9.0,Rainy,Concert,False,30.0,313.0,2.0,5.216666666666667
2023-10-11,13:10,39.666666666666664,8.0,,,,33.666666666666664,344.6666666666667,2.0,5.7444444444444445
2023-10-11,13:20,43.333333333333336,7.0,,,,37.333333333333336,376.3333333333333,2.0,6.272222222222222
2023-10-11,13:30,47.0,6.0,Rainy,Sale,False,41.0,408.0,2.0,6.8
2023-10-11,13:40,51.666666666666664,8.666666666666666,,,,42.666666666666664,426.6666666666667,2.0,7.111111111111111
2023-10-11,13:50,56.333333333333336,11.333333333333332,,,,44.333333333333336,445.3333333333333,2.0,7.4222222222222225
2023-10-11,14:00,61.0,14.0,Sunny,Sale,False,46.0,464.0,2.0,7.733333333333333
2023-10-11,14:10,55.333333333333336,12.666666666666666,,,,43.666666666666664,419.0,2.0,6.983333333333333
2023-10-11,14:20,49.666666666666664,11.333333333333334,,,,41.333333333333336,374.0,2.0,6.233333333333333
2023-10-11,14:30,44.0,10.0,Rainy,None,False,39.0,329.0,2.0,5.483333333333333
2023-10-11,14:40,43.666666666666664,9.0,,,,38.0,332.3333333333333,2.0,5.538888888888889
2023-10-11,14:50,43.333333333333336,8.0,,,,37.0,335.6666666666667,2.0,5.594444444444445
2023-10-11,15:00,43.0,7.0,Cloudy,Sale,False,36.0,339.0,2.0,5.65
2023-10-11,15:10,44.333333333333336,7.666666666666667,,,,34.666666666666664,320.0,2.0,5.333333333333334
2023-10-11,15:20,45.666666666666664,8.333333333333334,,,,33.333333333333336,301.0,2.0,5.016666666666667
2023-10-11,15:30,47.0,9.0,Rainy,Sale,False,32.0,282.0,2.0,4.7
2023-10-11,15:40,47.0,8.666666666666666,,,,33.0,311.6666666666667,2.0,5.194444444444445
2023-10-11,15:50,47.0,8.333333333333334,,,,34.0,341.3333333333333,2.0,5.688888888888889
2023-10-11,16:00,47.0,8.0,Sunny,None,False,35.0,371.0,2.0,6.183333333333334
2023-10-11,16:10,51.0,10.0,,,,38.666666666666664,406.6666666666667,2.0,6.777777777777778
2023-10-11,16:20,55.0,12.0,,,,42.333333333333336,442.3333333333333,2.0,7.372222222222223
2023-10-11,16:30,59.0,14.0,Sunny,None,False,46.0,478.0,2.0,7.966666666666667
2023-10-11,16:40,56.333333333333336,11.0,,,,42.333333333333336,430.3333333333333,2.0,7.1722222222222225
2023-10-11,16:50,53.666666666666664,8.0,,,,38.666666666666664,382.6666666666667,2.0,6.377777777777777
2023-10-11,17:00,51.0,5.0,Cloudy,Sale,False,35.0,335.0,2.0,5.583333333333333
2023-10-11,17:10,51.333333333333336,7.0,,,,38.333333333333336,391.6666666666667,2.0,6.527777777777778
2023-10-11,17:20,51.666666666666664,9.0,,,,41.666666666666664,448.3333333333333,2.0,7.472222222222221
2023-10-11,17:30,52.0,11.0,Sunny,Concert,False,45.0,505.0,2.0,8.416666666666666
2023-10-11,17:40,51.333333333333336,9.0,,,,43.666666666666664,458.3333333333333,2.0,7.638888888888888
2023-10-11,17:50,50.666666666666664,7.0,,,,42.333333333333336,411.6666666666667,2.0,6.861111111111111
2023-10-11,18:00,50.0,5.0,Sunny,None,False,41.0,365.0,2.0,6.083333333333333
2023-10-11,18:10,52.0,6.333333333333333,,,,41.0,364.3333333333333,2.0,6.072222222222222
2023-10-11,18:20,54.0,7.666666666666666,,,,41.0,363.6666666666667,2.0,6.061111111111111
2023-10-11,18:30,56.0,9.0,Cloudy,None,False,41.0,363.0,2.0,6.05
2023-10-11,18:40,52.666666666666664,7.333333333333333,,,,39.333333333333336,347.0,2.0,5.783333333333333
2023-10-11,18:50,49.333333333333336,5.666666666666666,,,,37.666666666666664,331.0,2.0,5.516666666666667
2023-10-11,19:00,46.0,4.0,Rainy,Concert,False,36.0,315.0,2.0,5.25
2023-10-11,19:10,48.0,4.333333333333333,,,,38.666666666666664,362.6666666666667,2.0,6.044444444444444
2023-10-11,19:20,50.0,4.666666666666667,,,,41.333333333333336,410.3333333333333,2.0,6.8388888888888895
2023-10-11,19:30,52.0,5.0,Rainy,Sale,False,44.0,458.0,2.0,7.633333333333334
2023-10-11,19:40,51.333333333333336,7.333333333333334,,,,41.0,428.3333333333333,2.0,7.138888888888889
2023-10-11,19:50,50.666666666666664,9.666666666666668,,,,38.0,398.6666666666667,2.0,6.644444444444445
2023-10-11,20:00,50.0,12.0,Rainy,Concert,False,35.0,369.0,2.0,6.15
2023-10-11,20:10,56.333333333333336,12.666666666666666,,,,40.666666666666664,448.0,2.0,7.466666666666667
2023-10-11,20:20,62.666666666666664,13.333333333333334,,,,46.333333333333336,527.0,2.0,8.783333333333333
2023-10-11,20:30,69.0,14.0,Rainy,Sale,False,52.0,606.0,2.0,10.1
2023-10-11,20:40,68.81333333333333,13.973333333333333,,,,51.89333333333333,604.2,2.013333333333333,10.07
2023-10-11,20:50,68.62666666666667,13.946666666666667,,,,51.78666666666667,602.4,2.026666666666667,10.04
2023-10-11,21:00,68.44,13.92,,,,51.68,600.6,2.04,10.01
2023-10-11,21:10,68.25333333333333,13.893333333333333,,,,51.57333333333333,598.8,2.0533333333333332,9.98
2023-10-11,21:20,68.06666666666666,13.866666666666667,,,,51.46666666666667,597.0,2.066666666666667,9.95
2023-10-11,21:30,67.88,13.84,,,,51.36,595.2,2.08,9.92
2023-10-11,21:40,67.69333333333333,13.813333333333333,,,,51.25333333333333,593.4,2.0933333333333333,9.889999999999999
2023-10-11,21:50,67.50666666666666,13.786666666666667,,,,51.14666666666667,591.6,2.1066666666666665,9.86
2023-10-11,22:00,67.32,13.76,,,,51.04,589.8,2.12,9.83
2023-10-11,22:10,67.13333333333334,13.733333333333333,,,,50.93333333333333,588.0,2.1333333333333333,9.799999999999999
2023-10-11,22:20,66.94666666666667,13.706666666666667,,,,50.82666666666667,586.2,2.1466666666666665,9.77
2023-10-11,22:30,66.76,13.68,,,,50.72,584.4,2.16,9.74
2023-10-11,22:40,66.57333333333334,13.653333333333332,,,,50.61333333333333,582.6,2.1733333333333333,9.709999999999999
2023-10-11,22:50,66.38666666666667,13.626666666666667,,,,50.50666666666667,580.8,2.1866666666666665,9.68
2023-10-11,23:00,66.2,13.6,,,,50.4,579.0,2.2,9.65
2023-10-11,23:10,66.01333333333334,13.573333333333334,,,,50.29333333333334,577.2,2.2133333333333334,9.62
2023-10-11,23:20,65.82666666666667,13.546666666666667,,,,50.18666666666667,575.4,2.2266666666666666,9.59
2023-10-11,23:30,65.64,13.52,,,,50.08,573.6,2.24,9.559999999999999
2023-10-11,23:40,65.45333333333333,13.493333333333334,,,,49.973333333333336,571.8,2.2533333333333334,9.53
2023-10-11,23:50,65.26666666666667,13.466666666666667,,,,49.86666666666667,570.0,2.2666666666666666,9.5
2023-10-12,00:00,65.08,13.44,,,,49.76,568.2,2.2800000000000002,9.469999999999999
2023-10-12,00:10,64.89333333333333,13.413333333333334,,,,49.653333333333336,566.4,2.2933333333333334,9.44
2023-10-12,00:20,64.70666666666666,13.386666666666667,,,,49.54666666666667,564.6,2.3066666666666666,9.41
2023-10-12,00:30,64.52,13.36,,,,49.44,562.8,2.32,9.379999999999999
2023-10-12,00:40,64.33333333333333,13.333333333333334,,,,49.333333333333336,561.0,2.3333333333333335,9.35
2023-10-12,00:50,64.14666666666666,13.306666666666667,,,,49.22666666666667,559.2,2.3466666666666667,9.32
2023-10-12,01:00,63.96,13.28,,,,49.12,557.4,2.36,9.29
2023-10-12,01:10,63.77333333333333,13.253333333333334,,,,49.013333333333335,555.6,2.3733333333333335,9.26
2023-10-12,01:20,63.586666666666666,13.226666666666667,,,,48.906666666666666,553.8,2.3866666666666667,9.23
2023-10-12,01:30,63.4,13.2,,,,48.8,552.0,2.4,9.2
2023-10-12,01:40,63.21333333333333,13.173333333333334,,,,48.693333333333335,550.2,2.4133333333333336,9.17
2023-10-12,01:50,63.026666666666664,13.146666666666667,,,,48.586666666666666,548.4,2.4266666666666667,9.14
2023-10-12,02:00,62.84,13.12,,,,48.48,546.6,2.44,9.11
2023-10-12,02:10,62.653333333333336,13.093333333333334,,,,48.373333333333335,544.8,2.453333333333333,9.08
2023-10-12,02:20,62.46666666666667,13.066666666666666,,,,48.266666666666666,543.0,2.466666666666667,9.049999999999999
2023-10-12,02:30,62.28,13.04,,,,48.16,541.2,2.48,9.02
2023-10-12,02:40,62.093333333333334,13.013333333333334,,,,48.053333333333335,539.4,2.493333333333333,8.99
2023-10-12,02:50,61.906666666666666,12.986666666666666,,,,47.946666666666665,537.6,2.506666666666667,8.959999999999999
2023-10-12,03:00,61.72,12.96,,,,47.84,535.8,2.52,8.93
2023-10-12,03:10,61.53333333333333,12.933333333333334,,,,47.733333333333334,534.0,2.533333333333333,8.9
2023-10-12,03:20,61.346666666666664,12.906666666666666,,,,47.626666666666665,532.2,2.546666666666667,8.87
2023-10-12,03:30,61.16,12.879999999999999,,,,47.519999999999996,530.4,2.56,8.84
2023-10-12,03:40,60.97333333333333,12.853333333333333,,,,47.413333333333334,528.6,2.5733333333333333,8.809999999999999
2023-10-12,03:50,60.78666666666667,12.826666666666666,,,,47.306666666666665,526.8,2.586666666666667,8.78
2023-10-12,04:00,60.6,12.8,,,,47.2,525.0,2.6,8.75
2023-10-12,04:10,60.413333333333334,12.773333333333333,,,,47.093333333333334,523.2,2.6133333333333333,8.719999999999999
2023-10-12,04:20,60.22666666666667,12.746666666666666,,,,46.986666666666665,521.4,2.626666666666667,8.69
2023-10-12,04:30,60.04,12.72,,,,46.88,519.6,2.64,8.66
2023-10-12,04:40,59.85333333333333,12.693333333333333,,,,46.77333333333333,517.8,2.6533333333333333,8.629999999999999
2023-10-12,04:50,59.666666666666664,12.666666666666666,,,,46.666666666666664,516.0,2.666666666666667,8.6
2023-10-12,05:00,59.480000000000004,12.64,,,,46.56,514.2,2.68,8.57
2023-10-12,05:10,59.29333333333334,12.613333333333333,,,,46.45333333333333,512.4,2.6933333333333334,8.54
2023-10-12,05:20,59.10666666666667,12.586666666666666,,,,46.346666666666664,510.6,2.7066666666666666,8.51
2023-10-12,05:30,58.92,12.56,,,,46.24,508.8,2.72,8.48
2023-10-12,05:40,58.733333333333334,12.533333333333333,,,,46.13333333333333,507.0,2.7333333333333334,8.45
2023-10-12,05:50,58.54666666666667,12.506666666666666,,,,46.026666666666664,505.2,2.7466666666666666,8.42
2023-10-12,06:00,58.36,12.48,,,,45.92,503.4,2.76,8.39
2023-10-12,06:10,58.17333333333333,12.453333333333333,,,,45.81333333333333,501.6,2.7733333333333334,8.36
2023-10-12,06:20,57.986666666666665,12.426666666666666,,,,45.70666666666666,499.8,2.7866666666666666,8.33
2023-10-12,06:30,57.8,12.4,,,,45.6,498.0,2.8,8.3
2023-10-12,06:40,57.61333333333333,12.373333333333333,,,,45.49333333333333,496.2,2.8133333333333335,8.27
2023-10-12,06:50,57.42666666666666,12.346666666666666,,,,45.38666666666666,494.4,2.8266666666666667,8.24
2023-10-12,07:00,57.24,12.32,,,,45.28,492.6,2.84,8.209999999999999
2023-10-12,07:10,57.053333333333335,12.293333333333333,,,,45.17333333333333,490.8,2.8533333333333335,8.18
2023-10-12,07:20,56.86666666666667,12.266666666666666,,,,45.06666666666666,489.0,2.8666666666666667,8.15
2023-10-12,07:30,56.68,12.24,,,,44.96,487.2,2.88,8.12
2023-10-12,07:40,56.49333333333333,12.213333333333333,,,,44.85333333333333,485.4,2.8933333333333335,8.09
2023-10-12,07:50,56.306666666666665,12.186666666666667,,,,44.74666666666667,483.6,2.9066666666666667,8.059999999999999
2023-10-12,08:00,56.12,12.16,,,,44.64,481.8,2.92,8.03
2023-10-12,08:10,55.93333333333334,12.133333333333333,,,,44.53333333333333,480.0,2.9333333333333336,8.0
2023-10-12,08:20,55.74666666666667,12.106666666666666,,,,44.42666666666666,478.2,2.9466666666666668,7.97
2023-10-12,08:30,55.56,12.08,,,,44.32,476.4,2.96,7.9399999999999995
2023-10-12,08:40,55.373333333333335,12.053333333333333,,,,44.21333333333333,474.6,2.9733333333333336,7.91
2023-10-12,08:50,55.18666666666667,12.026666666666667,,,,44.10666666666667,472.79999999999995,2.986666666666667,7.88
2023-10-12,09:00,55.0,12.0,Cloudy,None,False,44.0,471.0,3.0,7.85
2023-10-12,09:10,45.0,10.666666666666666,,,,36.666666666666664,383.3333333333333,3.0,6.388888888888888
2023-10-12,09:20,35.0,9.333333333333334,,,,29.333333333333336,295.66666666666663,3.0,4.927777777777777
2023-10-12,09:30,25.0,8.0,Cloudy,Sale,False,22.0,208.0,3.0,3.466666666666667
2023-10-12,09:40,28.666666666666668,6.0,,,,22.666666666666668,211.33333333333334,3.0,3.522222222222222
2023-10-12,09:50,32.333333333333336,4.0,,,,23.333333333333332,214.66666666666666,3.0,3.5777777777777775
2023-10-12,10:00,36.0,2.0,Sunny,Concert,False,24.0,218.0,3.0,3.633333333333333
2023-10-12,10:10,39.666666666666664,4.666666666666666,,,,29.666666666666668,281.0,3.0,4.683333333333333
2023-10-12,10:20,43.333333333333336,7.333333333333333,,,,35.333333333333336,344.0,3.0,5.7333333333333325
2023-10-12,10:30,47.0,10.0,Rainy,Sale,False,41.0,407.0,3.0,6.783333333333333
2023-10-12,10:40,45.0,8.0,,,,38.0,374.3333333333333,3.0,6.238888888888889
2023-10-12,10:50,43.0,6.0,,,,35.0,341.6666666666667,3.0,5.694444444444445
2023-10-12,11:00,41.0,4.0,Cloudy,None,False,32.0,309.0,3.0,5.15
2023-10-12,11:10,49.333333333333336,7.0,,,,37.0,365.0,3.0,6.083333333333334
2023-10-12,11:20,57.66666666666667,10.0,,,,42.0,421.0,3.0,7.016666666666667
2023-10-12,11:30,66.0,13.0,Sunny,Sale,False,47.0,477.0,3.0,7.95
2023-10-12,11:40,66.66666666666667,14.333333333333334,,,,49.666666666666664,509.6666666666667,3.0,8.494444444444445
2023-10-12,11:50,67.33333333333333,15.666666666666666,,,,52.333333333333336,542.3333333333334,3.0,9.03888888888889
2023-10-12,12:00,68.0,17.0,Cloudy,None,False,55.0,575.0,3.0,9.583333333333334
2023-10-12,12:10,59.0,13.0,,,,46.333333333333336,487.0,3.0,8.116666666666667
2023-10-12,12:20,50.0,9.0,,,,37.66666666666667,399.0,3.0,6.65
2023-10-12,12:30,41.0,5.0,Rainy,Concert,False,29.0,311.0,3.0,5.183333333333334
2023-10-12,12:40,42.333333333333336,7.333333333333334,,,,32.666666666666664,343.6666666666667,3.0,5.727777777777778
2023-10-12,12:50,43.666666666666664,9.666666666666668,,,,36.333333333333336,376.3333333333333,3.0,6.272222222222222
2023-10-12,13:00,45.0,12.0,Rainy,None,False,40.0,409.0,3.0,6.816666666666666
2023-10-12,13:10,48.0,10.0,,,,39.666666666666664,405.6666666666667,3.0,6.761111111111111
2023-10-12,13:20,51.0,8.0,,,,39.333333333333336,402.3333333333333,3.0,6.705555555555556
2023-10-12,13:30,54.0,6.0,Rainy,Sale,False,39.0,399.0,3.0,6.65
2023-10-12,13:40,50.0,6.333333333333333,,,,35.333333333333336,367.6666666666667,3.0,6.127777777777778
2023-10-12,13:50,46.0,6.666666666666667,,,,31.666666666666668,336.3333333333333,3.0,5.605555555555555
2023-10-12,14:00,42.0,7.0,Cloudy,None,False,28.0,305.0,3.0,5.083333333333333
2023-10-12,14:10,39.0,7.333333333333333,,,,28.333333333333332,297.6666666666667,3.0,4.961111111111111
2023-10-12,14:20,36.0,7.666666666666667,,,,28.666666666666668,290.3333333333333,3.0,4.838888888888889
2023-10-12,14:30,33.0,8.0,Cloudy,Concert,False,29.0,283.0,3.0,4.716666666666667
2023-10-12,14:40,39.0,7.666666666666667,,,,31.666666666666668,310.0,3.0,5.166666666666667
2023-10-12,14:50,45.0,7.333333333333333,,,,34.333333333333336,337.0,3.0,5.616666666666666
2023-10-12,15:00,51.0,7.0,Cloudy,Sale,False,37.0,364.0,3.0,6.066666666666666
2023-10-12,15:10,56.333333333333336,9.333333333333334,,,,43.333333333333336,430.6666666666667,3.0,7.177777777777778
2023-10-12,15:20,61.666666666666664,11.666666666666668,,,,49.666666666666664,497.33333333333337,3.0,8.28888888888889
2023-10-12,15:30,67.0,14.0,Rainy,Concert,False,56.0,564.0,3.0,9.4
2023-10-12,15:40,58.666666666666664,13.0,,,,47.666666666666664,503.3333333333333,3.0,8.38888888888889
2023-10-12,15:50,50.33333333333333,12.0,,,,39.33333333333333,442.6666666666667,3.0,7.377777777777778
2023-10-12,16:00,42.0,11.0,Sunny,Concert,False,31.0,382.0,3.0,6.366666666666666
2023-10-12,16:10,42.333333333333336,8.666666666666666,,,,33.333333333333336,368.6666666666667,3.0,6.144444444444444
2023-10-12,16:20,42.666666666666664,6.333333333333333,,,,35.666666666666664,355.3333333333333,3.0,5.9222222222222225
2023-10-12,16:30,43.0,4.0,Sunny,Concert,False,38.0,342.0,3.0,5.7
2023-10-12,16:40,46.666666666666664,5.666666666666667,,,,40.0,359.0,3.0,5.983333333333333
2023-10-12,16:50,50.333333333333336,7.333333333333334,,,,42.0,376.0,3.0,6.266666666666667
2023-10-12,17:00,54.0,9.0,Cloudy,Sale,False,44.0,393.0,3.0,6.55
2023-10-12,17:10,51.333333333333336,9.666666666666666,,,,41.333333333333336,392.3333333333333,3.0,6.538888888888889
2023-10-12,17:20,48.666666666666664,10.333333333333334,,,,38.666666666666664,391.6666666666667,3.0,6.527777777777778
2023-10-12,17:30,46.0,11.0,Sunny,Sale,False,36.0,391.0,3.0,6.516666666666667
2023-10-12,17:40,51.333333333333336,9.666666666666666,,,,39.666666666666664,419.6666666666667,3.0,6.9944444444444445
2023-10-12,17:50,56.666666666666664,8.333333333333334,,,,43.333333333333336,448.3333333333333,3.0,7.472222222222222
2023-10-12,18:00,62.0,7.0,Rainy,None,False,47.0,477.0,3.0,7.95
2023-10-12,18:10,54.666666666666664,6.666666666666667,,,,40.333333333333336,408.6666666666667,3.0,6.811111111111111
2023-10-12,18:20,47.333333333333336,6.333333333333333,,,,33.666666666666664,340.33333333333337,3.0,5.6722222222222225
2023-10-12,18:30,40.0,6.0,Rainy,Sale,False,27.0,272.0,3.0,4.533333333333333
2023-10-12,18:40,44.0,7.666666666666667,,,,30.0,301.0,3.0,5.016666666666667
2023-10-12,18:50,48.0,9.333333333333334,,,,33.0,330.0,3.0,5.5
2023-10-12,19:00,52.0,11.0,Sunny,Sale,False,36.0,359.0,3.0,5.983333333333333
2023-10-12,19:10,52.0,9.0,,,,36.666666666666664,374.3333333333333,3.0,6.238888888888889
2023-10-12,19:20,52.0,7.0,,,,37.333333333333336,389.6666666666667,3.0,6.4944444444444445
2023-10-12,19:30,52.0,5.0,Rainy,Sale,False,38.0,405.0,3.0,6.75
2023-10-12,19:40,48.666666666666664,4.666666666666667,,,,37.666666666666664,391.0,3.0,6.516666666666667
2023-10-12,19:50,45.333333333333336,4.333333333333333,,,,37.333333333333336,377.0,3.0,6.283333333333333
2023-10-12,20:00,42.0,4.0,Sunny,None,False,37.0,363.0,3.0,6.05
2023-10-12,20:10,44.0,7.0,,,,37.0,359.6666666666667,3.0,5.9944444444444445
2023-10-12,20:20,46.0,10.0,,,,37.0,356.3333333333333,3.0,5.938888888888889
2023-10-12,20:30,48.0,13.0,Cloudy,Concert,False,37.0,353.0,3.0,5.883333333333334
2023-10-12,20:40,47.973333333333336,12.986666666666666,,,,37.013333333333335,353.6666666666667,3.013333333333333,5.894444444444445
2023-10-12,20:50,47.946666666666665,12.973333333333333,,,,37.026666666666664,354.3333333333333,3.026666666666667,5.905555555555556
2023-10-12,21:00,47.92,12.96,,,,37.04,355.0,3.04,5.916666666666667
2023-10-12,21:10,47.89333333333333,12.946666666666667,,,,37.053333333333335,355.6666666666667,3.0533333333333332,5.927777777777778
2023-10-12,21:20,47.86666666666667,12.933333333333334,,,,37.06666666666667,356.3333333333333,3.066666666666667,5.938888888888889
2023-10-12,21:30,47.84,12.92,,,,37.08,357.0,3.08,5.95
2023-10-12,21:40,47.81333333333333,12.906666666666666,,,,37.093333333333334,357.6666666666667,3.0933333333333333,5.961111111111111
2023-10-12,21:50,47.78666666666667,12.893333333333333,,,,37.10666666666667,358.3333333333333,3.1066666666666665,5.972222222222222
2023-10-12,22:00,47.76,12.88,,,,37.12,359.0,3.12,5.983333333333333
2023-10-12,22:10,47.733333333333334,12.866666666666667,,,,37.13333333333333,359.6666666666667,3.1333333333333333,5.9944444444444445
2023-10-12,22:20,47.70666666666666,12.853333333333333,,,,37.14666666666667,360.3333333333333,3.1466666666666665,6.0055555555555555
2023-10-12,22:30,47.68,12.84,,,,37.16,361.0,3.16,6.016666666666667
2023-10-12,22:40,47.653333333333336,12.826666666666666,,,,37.17333333333333,361.6666666666667,3.1733333333333333,6.027777777777779
2023-10-12,22:50,47.626666666666665,12.813333333333333,,,,37.18666666666667,362.3333333333333,3.1866666666666665,6.03888888888889
2023-10-12,23:00,47.6,12.8,,,,37.2,363.0,3.2,6.050000000000001
2023-10-12,23:10,47.57333333333333,12.786666666666667,,,,37.21333333333333,363.6666666666667,3.2133333333333334,6.061111111111112
2023-10-12,23:20,47.54666666666667,12.773333333333333,,,,37.22666666666667,364.3333333333333,3.2266666666666666,6.072222222222223
2023-10-12,23:30,47.52,12.76,,,,37.24,365.0,3.24,6.083333333333334
2023-10-12,23:40,47.49333333333333,12.746666666666666,,,,37.25333333333333,365.6666666666667,3.2533333333333334,6.094444444444445
2023-10-12,23:50,47.46666666666667,12.733333333333333,,,,37.266666666666666,366.3333333333333,3.2666666666666666,6.105555555555556
2023-10-13,00:00,47.44,12.72,,,,37.28,367.0,3.2800000000000002,6.116666666666667
2023-10-13,00:10,47.413333333333334,12.706666666666667,,,,37.29333333333334,367.6666666666667,3.2933333333333334,6.127777777777778
2023-10-13,00:20,47.38666666666666,12.693333333333333,,,,37.306666666666665,368.3333333333333,3.3066666666666666,6.138888888888889
2023-10-13,00:30,47.36,12.68,,,,37.32,369.0,3.32,6.15
2023-10-13,00:40,47.333333333333336,12.666666666666666,,,,37.333333333333336,369.6666666666667,3.3333333333333335,6.161111111111111
2023-10-13,00:50,47.306666666666665,12.653333333333332,,,,37.346666666666664,370.3333333333333,3.3466666666666667,6.1722222222222225
2023-10-13,01:00,47.28,12.64,,,,37.36,371.0,3.36,6.183333333333334
2023-10-13,01:10,47.25333333333333,12.626666666666667,,,,37.373333333333335,371.6666666666667,3.3733333333333335,6.194444444444445
2023-10-13,01:20,47.22666666666667,12.613333333333333,,,,37.38666666666667,372.3333333333333,3.3866666666666667,6.205555555555556
2023-10-13,01:30,47.2,12.6,,,,37.4,373.0,3.4,6.216666666666667
2023-10-13,01:40,47.17333333333333,12.586666666666666,,,,37.413333333333334,373.6666666666667,3.4133333333333336,6.227777777777778
2023-10-13,01:50,47.14666666666667,12.573333333333334,,,,37.42666666666667,374.3333333333333,3.4266666666666667,6.238888888888889
2023-10-13,02:00,47.12,12.56,,,,37.44,375.0,3.44,6.25
2023-10-13,02:10,47.093333333333334,12.546666666666667,,,,37.45333333333333,375.6666666666667,3.453333333333333,6.261111111111111
2023-10-13,02:20,47.06666666666667,12.533333333333333,,,,37.46666666666667,376.3333333333333,3.466666666666667,6.272222222222222
2023-10-13,02:30,47.04,12.52,,,,37.48,377.0,3.48,6.283333333333333
2023-10-13,02:40,47.013333333333335,12.506666666666666,,,,37.49333333333333,377.6666666666667,3.493333333333333,6.294444444444444
2023-10-13,02:50,46.986666666666665,12.493333333333334,,,,37.50666666666667,378.3333333333333,3.506666666666667,6.305555555555555
2023-10-13,03:00,46.96,12.48,,,,37.52,379.0,3.52,6.316666666666666
2023-10-13,03:10,46.93333333333333,12.466666666666667,,,,37.53333333333333,379.6666666666667,3.533333333333333,6.327777777777778
2023-10-13,03:20,46.906666666666666,12.453333333333333,,,,37.54666666666667,380.3333333333333,3.546666666666667,6.3388888888888895
2023-10-13,03:30,46.88,12.44,,,,37.56,381.0,3.56,6.3500000000000005
2023-10-13,03:40,46.85333333333333,12.426666666666666,,,,37.57333333333333,381.6666666666667,3.5733333333333333,6.361111111111112
2023-10-13,03:50,46.82666666666667,12.413333333333334,,,,37.586666666666666,382.3333333333333,3.586666666666667,6.372222222222223
2023-10-13,04:00,46.8,12.4,,,,37.6,383.0,3.6,6.383333333333334
2023-10-13,04:10,46.77333333333333,12.386666666666667,,,,37.61333333333334,383.6666666666667,3.6133333333333333,6.394444444444445
2023-10-13,04:20,46.74666666666667,12.373333333333333,,,,37.626666666666665,384.3333333333333,3.626666666666667,6.405555555555556
2023-10-13,04:30,46.72,12.36,,,,37.64,385.0,3.64,6.416666666666667
2023-10-13,04:40,46.693333333333335,12.346666666666668,,,,37.653333333333336,385.6666666666667,3.6533333333333333,6.427777777777778
2023-10-13,04:50,46.666666666666664,12.333333333333334,,,,37.666666666666664,386.3333333333333,3.666666666666667,6.438888888888889
2023-10-13,05:00,46.64,12.32,,,,37.68,387.0,3.68,6.45
2023-10-13,05:10,46.61333333333333,12.306666666666667,,,,37.693333333333335,387.6666666666667,3.6933333333333334,6.461111111111111
2023-10-13,05:20,46.586666666666666,12.293333333333333,,,,37.70666666666666,388.3333333333333,3.7066666666666666,6.472222222222222
2023-10-13,05:30,46.56,12.28,,,,37.72,389.0,3.72,6.483333333333333
2023-10-13,05:40,46.53333333333333,12.266666666666666,,,,37.733333333333334,389.6666666666667,3.7333333333333334,6.4944444444444445
2023-10-13,05:50,46.50666666666667,12.253333333333334,,,,37.74666666666667,390.3333333333333,3.7466666666666666,6.5055555555555555
2023-10-13,06:00,46.48,12.24,,,,37.76,391.0,3.76,6.516666666666667
2023-10-13,06:10,46.45333333333333,12.226666666666667,,,,37.77333333333333,391.6666666666667,3.7733333333333334,6.527777777777778
2023-10-13,06:20,46.42666666666667,12.213333333333333,,,,37.78666666666667,392.3333333333333,3.7866666666666666,6.538888888888889
2023-10-13,06:30,46.4,12.2,,,,37.8,393.0,3.8,6.55
2023-10-13,06:40,46.373333333333335,12.186666666666667,,,,37.81333333333333,393.6666666666667,3.8133333333333335,6.561111111111111
2023-10-13,06:50,46.346666666666664,12.173333333333334,,,,37.82666666666667,394.3333333333333,3.8266666666666667,6.572222222222222
2023-10-13,07:00,46.32,12.16,,,,37.84,395.0,3.84,6.583333333333334
2023-10-13,07:10,46.29333333333334,12.146666666666667,,,,37.85333333333333,395.6666666666667,3.8533333333333335,6.594444444444445
2023-10-13,07:20,46.266666666666666,12.133333333333333,,,,37.86666666666667,396.3333333333333,3.8666666666666667,6.605555555555556
2023-10-13,07:30,46.24,12.12,,,,37.88,397.0,3.88,6.616666666666667
2023-10-13,07:40,46.21333333333333,12.106666666666667,,,,37.89333333333333,397.6666666666667,3.8933333333333335,6.627777777777778
2023-10-13,07:50,46.18666666666667,12.093333333333334,,,,37.906666666666666,398.3333333333333,3.9066666666666667,6.638888888888889
2023-10-13,08:00,46.16,12.08,,,,37.92,399.0,3.92,6.65
2023-10-13,08:10,46.13333333333333,12.066666666666666,,,,37.93333333333333,399.6666666666667,3.9333333333333336,6.661111111111111
2023-10-13,08:20,46.10666666666667,12.053333333333333,,,,37.946666666666665,400.3333333333333,3.9466666666666668,6.6722222222222225
2023-10-13,08:30,46.08,12.04,,,,37.96,401.0,3.96,6.683333333333334
2023-10-13,08:40,46.053333333333335,12.026666666666667,,,,37.973333333333336,401.6666666666667,3.9733333333333336,6.694444444444445
2023-10-13,08:50,46.026666666666664,12.013333333333334,,,,37.986666666666665,402.3333333333333,3.986666666666667,6.705555555555556
2023-10-13,09:00,46.0,12.0,Sunny,None,False,38.0,403.0,4.0,6.716666666666667
2023-10-13,09:10,48.666666666666664,11.666666666666666,,,,40.333333333333336,404.3333333333333,4.0,6.738888888888889
2023-10-13,09:20,51.333333333333336,11.333333333333334,,,,42.666666666666664,405.6666666666667,4.0,6.761111111111111
2023-10-13,09:30,54.0,11.0,Cloudy,Concert,False,45.0,407.0,4.0,6.783333333333333
2023-10-13,09:40,56.666666666666664,11.0,,,,45.0,443.3333333333333,4.0,7.388888888888888
2023-10-13,09:50,59.333333333333336,11.0,,,,45.0,479.6666666666667,4.0,7.9944444444444445
2023-10-13,10:00,62.0,11.0,Cloudy,None,False,45.0,516.0,4.0,8.6
2023-10-13,10:10,60.333333333333336,12.333333333333334,,,,44.333333333333336,505.6666666666667,4.0,8.427777777777777
2023-10-13,10:20,58.666666666666664,13.666666666666666,,,,43.666666666666664,495.3333333333333,4.0,8.255555555555556
2023-10-13,10:30,57.0,15.0,Rainy,None,False,43.0,485.0,4.0,8.083333333333334
2023-10-13,10:40,51.333333333333336,12.666666666666666,,,,38.666666666666664,420.3333333333333,4.0,7.0055555555555555
2023-10-13,10:50,45.666666666666664,10.333333333333332,,,,34.333333333333336,355.66666666666663,4.0,5.927777777777777
2023-10-13,11:00,40.0,8.0,Rainy,None,False,30.0,291.0,4.0,4.85
2023-10-13,11:10,44.0,9.333333333333334,,,,33.333333333333336,308.6666666666667,4.0,5.144444444444444
2023-10-13,11:20,48.0,10.666666666666666,,,,36.666666666666664,326.3333333333333,4.0,5.438888888888889
2023-10-13,11:30,52.0,12.0,Rainy,Concert,False,40.0,344.0,4.0,5.733333333333333
2023-10-13,11:40,51.666666666666664,10.333333333333334,,,,39.666666666666664,361.3333333333333,4.0,6.022222222222222
2023-10-13,11:50,51.333333333333336,8.666666666666666,,,,39.333333333333336,378.6666666666667,4.0,6.311111111111111
2023-10-13,12:00,51.0,7.0,Rainy,None,False,39.0,396.0,4.0,6.6
2023-10-13,12:10,47.333333333333336,7.333333333333333,,,,37.0,391.6666666666667,4.0,6.527777777777778
2023-10-13,12:20,43.666666666666664,7.666666666666667,,,,35.0,387.3333333333333,4.0,6.455555555555556
2023-10-13,12:30,40.0,8.0,Cloudy,Sale,False,33.0,383.0,4.0,6.383333333333334
2023-10-13,12:40,40.333333333333336,7.666666666666667,,,,34.0,362.6666666666667,4.0,6.044444444444444
2023-10-13,12:50,40.666666666666664,7.333333333333333,,,,35.0,342.3333333333333,4.0,5.705555555555556
2023-10-13,13:00,41.0,7.0,Cloudy,Concert,False,36.0,322.0,4.0,5.366666666666666
2023-10-13,13:10,46.666666666666664,8.666666666666666,,,,40.666666666666664,385.3333333333333,4.0,6.422222222222222
2023-10-13,13:20,52.333333333333336,10.333333333333334,,,,45.333333333333336,448.6666666666667,4.0,7.477777777777778
2023-10-13,13:30,58.0,12.0,Cloudy,Concert,False,50.0,512.0,4.0,8.533333333333333
2023-10-13,13:40,58.333333333333336,12.333333333333334,,,,47.666666666666664,489.3333333333333,4.0,8.155555555555555
2023-10-13,13:50,58.666666666666664,12.666666666666666,,,,45.333333333333336,466.6666666666667,4.0,7.777777777777778
2023-10-13,14:00,59.0,13.0,Cloudy,None,False,43.0,444.0,4.0,7.4
2023-10-13,14:10,54.0,11.333333333333334,,,,40.0,424.3333333333333,4.0,7.072222222222223
2023-10-13,14:20,49.0,9.666666666666666,,,,37.0,404.6666666666667,4.0,6.7444444444444445
2023-10-13,14:30,44.0,8.0,Cloudy,None,False,34.0,385.0,4.0,6.416666666666667
2023-10-13,14:40,52.333333333333336,9.666666666666666,,,,41.0,444.0,4.0,7.4
2023-10-13,14:50,60.66666666666667,11.333333333333334,,,,48.0,503.0,4.0,8.383333333333333
2023-10-13,15:00,69.0,13.0,Cloudy,Concert,False,55.0,562.0,4.0,9.366666666666667
2023-10-13,15:10,61.666666666666664,12.333333333333334,,,,49.0,504.3333333333333,4.0,8.405555555555555
2023-10-13,15:20,54.333333333333336,11.666666666666666,,,,43.0,446.6666666666667,4.0,7.444444444444445
2023-10-13,15:30,47.0,11.0,Sunny,Sale,False,37.0,389.0,4.0,6.483333333333333
2023-10-13,15:40,49.0,11.333333333333334,,,,37.666666666666664,364.6666666666667,4.0,6.0777777777777775
2023-10-13,15:50,51.0,11.666666666666666,,,,38.333333333333336,340.3333333333333,4.0,5.6722222222222225
2023-10-13,16:00,53.0,12.0,Cloudy,Concert,False,39.0,316.0,4.0,5.266666666666667
2023-10-13,16:10,46.0,10.0,,,,35.0,288.0,4.0,4.8
2023-10-13,16:20,39.0,8.0,,,,31.0,260.0,4.0,4.333333333333333
2023-10-13,16:30,32.0,6.0,Sunny,Concert,False,27.0,232.0,4.0,3.8666666666666663
2023-10-13,16:40,41.666666666666664,6.333333333333333,,,,34.666666666666664,310.0,4.0,5.166666666666666
2023-10-13,16:50,51.33333333333333,6.666666666666667,,,,42.333333333333336,388.0,4.0,6.466666666666667
2023-10-13,17:00,61.0,7.0,Sunny,None,False,50.0,466.0,4.0,7.766666666666667
2023-10-13,17:10,52.333333333333336,7.666666666666667,,,,41.333333333333336,390.6666666666667,4.0,6.511111111111111
2023-10-13,17:20,43.66666666666667,8.333333333333334,,,,32.66666666666667,315.33333333333337,4.0,5.2555555555555555
2023-10-13,17:30,35.0,9.0,Sunny,None,False,24.0,240.0,4.0,4.0
2023-10-13,17:40,35.0,8.0,,,,25.0,246.33333333333334,4.0,4.105555555555555
2023-10-13,17:50,35.0,7.0,,,,26.0,252.66666666666666,4.0,4.211111111111111
2023-10-13,18:00,35.0,6.0,Rainy,Concert,False,27.0,259.0,4.0,4.316666666666666
2023-10-13,18:10,44.333333333333336,8.666666666666666,,,,33.0,343.3333333333333,4.0,5.722222222222222
2023-10-13,18:20,53.66666666666667,11.333333333333332,,,,39.0,427.66666666666663,4.0,7.127777777777778
2023-10-13,18:30,63.0,14.0,Rainy,None,False,45.0,512.0,4.0,8.533333333333333
2023-10-13,18:40,57.0,11.666666666666666,,,,43.0,489.6666666666667,4.0,8.161111111111111
2023-10-13,18:50,51.0,9.333333333333332,,,,41.0,467.3333333333333,4.0,7.788888888888889
2023-10-13,19:00,45.0,7.0,Sunny,Sale,False,39.0,445.0,4.0,7.416666666666667
2023-10-13,19:10,46.0,7.333333333333333,,,,38.666666666666664,424.0,4.0,7.066666666666666
2023-10-13,19:20,47.0,7.666666666666667,,,,38.333333333333336,403.0,4.0,6.716666666666667
2023-10-13,19:30,48.0,8.0,Cloudy,Sale,False,38.0,382.0,4.0,6.366666666666666
2023-10-13,19:40,48.0,8.0,,,,37.333333333333336,385.6666666666667,4.0,6.427777777777777
2023-10-13,19:50,48.0,8.0,,,,36.666666666666664,389.3333333333333,4.0,6.488888888888889
2023-10-13,20:00,48.0,8.0,Rainy,Concert,False,36.0,393.0,4.0,6.55
2023-10-13,20:10,46.666666666666664,8.0,,,,35.333333333333336,379.3333333333333,4.0,6.322222222222222
2023-10-13,20:20,45.333333333333336,8.0,,,,34.666666666666664,365.6666666666667,4.0,6.094444444444444
2023-10-13,20:30,44.0,8.0,Cloudy,None,False,34.0,352.0,4.0,5.866666666666666
2023-10-13,20:40,44.64,8.08,,,,34.45333333333333,355.26666666666665,4.013333333333334,5.92111111111111
2023-10-13,20:50,45.28,8.16,,,,34.906666666666666,358.53333333333336,4.026666666666666,5.975555555555555
2023-10-13,21:00,45.92,8.24,,,,35.36,361.8,4.04,6.029999999999999
2023-10-13,21:10,46.56,8.32,,,,35.81333333333333,365.06666666666666,4.053333333333334,6.084444444444444
2023-10-13,21:20,47.2,8.4,,,,36.266666666666666,368.3333333333333,4.066666666666666,6.138888888888888
2023-10-13,21:30,47.84,8.48,,,,36.72,371.6,4.08,6.193333333333333
2023-10-13,21:40,48.480000000000004,8.56,,,,37.17333333333333,374.8666666666667,4.093333333333334,6.247777777777777
2023-10-13,21:50,49.12,8.64,,,,37.626666666666665,378.1333333333333,4.1066666666666665,6.3022222222222215
2023-10-13,22:00,49.76,8.72,,,,38.08,381.4,4.12,6.3566666666666665
2023-10-13,22:10,50.4,8.8,,,,38.53333333333333,384.6666666666667,4.133333333333334,6.4111111111111105
2023-10-13,22:20,51.04,8.88,,,,38.986666666666665,387.93333333333334,4.1466666666666665,6.4655555555555555
2023-10-13,22:30,51.68,8.96,,,,39.44,391.2,4.16,6.52
2023-10-13,22:40,52.32,9.04,,,,39.89333333333333,394.4666666666667,4.173333333333334,6.574444444444444
2023-10-13,22:50,52.96,9.120000000000001,,,,40.346666666666664,397.73333333333335,4.1866666666666665,6.628888888888889
2023-10-13,23:00,53.6,9.2,,,,40.8,401.0,4.2,6.683333333333333
2023-10-13,23:10,54.24,9.28,,,,41.25333333333333,404.26666666666665,4.213333333333333,6.737777777777778
2023-10-13,23:20,54.88,9.36,,,,41.70666666666666,407.5333333333333,4.226666666666667,6.792222222222222
2023-10-13,23:30,55.519999999999996,9.44,,,,42.16,410.8,4.24,6.846666666666666
2023-10-13,23:40,56.16,9.52,,,,42.61333333333333,414.06666666666666,4.253333333333333,6.901111111111111
2023-10-13,23:50,56.8,9.6,,,,43.06666666666666,417.3333333333333,4.266666666666667,6.955555555555555
2023-10-14,00:00,48.824,9.68,,,,43.519999999999996,420.6,4.28,7.01
2023-10-14,00:10,49.367999999999995,9.76,,,,43.97333333333333,423.8666666666667,4.293333333333333,7.064444444444444
2023-10-14,00:20,49.912,9.84,,,,44.42666666666666,427.1333333333333,4.306666666666667,7.118888888888888
2023-10-14,00:30,50.455999999999996,9.92,,,,44.879999999999995,430.4,4.32,7.173333333333333
2023-10-14,00:40,51.0,10.0,,,,45.33333333333333,433.6666666666667,4.333333333333333,7.227777777777777
2023-10-14,00:50,51.544,10.08,,,,45.78666666666666,436.93333333333334,4.346666666666667,7.282222222222222
2023-10-14,01:00,52.088,10.16,,,,46.24,440.2,4.36,7.336666666666666
2023-10-14,01:10,52.632,10.24,,,,46.693333333333335,443.4666666666667,4.373333333333333,7.39111111111111
2023-10-14,01:20,53.176,10.32,,,,47.14666666666667,446.73333333333335,4.386666666666667,7.445555555555555
2023-10-14,01:30,53.72,10.4,,,,47.6,450.0,4.4,7.5
2023-10-14,01:40,54.264,10.48,,,,48.053333333333335,453.26666666666665,4.413333333333333,7.554444444444444
2023-10-14,01:50,54.808,10.56,,,,48.50666666666667,456.5333333333333,4.426666666666667,7.608888888888888
2023-10-14,02:00,55.352000000000004,10.64,,,,48.96,459.8,4.44,7.663333333333333
2023-10-14,02:10,55.896,10.72,,,,49.413333333333334,463.06666666666666,4.453333333333333,7.717777777777777
2023-10-14,02:20,56.440000000000005,10.8,,,,49.86666666666667,466.3333333333333,4.466666666666667,7.772222222222222
2023-10-14,02:30,56.983999999999995,10.879999999999999,,,,50.32,469.6,4.48,7.826666666666666
2023-10-14,02:40,57.528000000000006,10.96,,,,50.77333333333333,472.8666666666667,4.493333333333333,7.88111111111111
2023-10-14,02:50,58.071999999999996,11.04,,,,51.22666666666667,476.1333333333333,4.506666666666667,7.935555555555554
2023-10-14,03:00,58.61600000000001,11.120000000000001,,,,51.68,479.4,4.52,7.989999999999999
2023-10-14,03:10,59.16,11.2,,,,52.13333333333333,482.66666666666663,4.533333333333333,8.044444444444444
2023-10-14,03:20,59.70400000000001,11.280000000000001,,,,52.586666666666666,485.93333333333334,4.546666666666667,8.098888888888888
2023-10-14,03:30,60.248,11.36,,,,53.04,489.2,4.5600000000000005,8.153333333333332
2023-10-14,03:40,60.791999999999994,11.44,,,,53.49333333333333,492.4666666666667,4.573333333333333,8.207777777777778
2023-10-14,03:50,61.336,11.52,,,,53.946666666666665,495.73333333333335,4.586666666666667,8.26222222222222
2023-10-14,04:00,61.879999999999995,11.6,,,,54.4,499.0,4.6,8.316666666666666
2023-10-14,04:10,62.424,11.68,,,,54.85333333333333,502.26666666666665,4.613333333333333,8.37111111111111
2023-10-14,04:20,62.967999999999996,11.76,,,,55.306666666666665,505.5333333333333,4.626666666666667,8.425555555555555
2023-10-14,04:30,63.512,11.84,,,,55.76,508.8,4.64,8.48
2023-10-14,04:40,64.056,11.92,,,,56.21333333333333,512.0666666666666,4.653333333333333,8.534444444444444
2023-10-14,04:50,64.6,12.0,,,,56.666666666666664,515.3333333333334,4.666666666666667,8.588888888888889
2023-10-14,05:00,65.144,12.08,,,,57.12,518.6,4.68,8.643333333333333
2023-10-14,05:10,65.688,12.16,,,,57.57333333333333,521.8666666666667,4.693333333333333,8.697777777777777
2023-10-14,05:20,66.232,12.24,,,,58.026666666666664,525.1333333333333,4.706666666666667,8.752222222222223
2023-10-14,05:30,66.776,12.32,,,,58.480000000000004,528.4,4.72,8.806666666666667
2023-10-14,05:40,67.32000000000001,12.4,,,,58.93333333333334,531.6666666666666,4.733333333333333,8.86111111111111
2023-10-14,05:50,67.864,12.48,,,,59.38666666666667,534.9333333333334,4.746666666666667,8.915555555555555
2023-10-14,06:00,68.408,12.56,,,,59.84,538.2,4.76,8.969999999999999
2023-10-14,06:10,68.952,12.64,,,,60.29333333333334,541.4666666666667,4.773333333333333,9.024444444444445
2023-10-14,06:20,69.496,12.719999999999999,,,,60.74666666666667,544.7333333333333,4.786666666666667,9.078888888888889
2023-10-14,06:30,70.04,12.8,,,,61.2,548.0,4.8,9.133333333333333
2023-10-14,06:40,70.58399999999999,12.879999999999999,,,,61.653333333333336,551.2666666666667,4.8133333333333335,9.187777777777777
2023-10-14,06:50,71.128,12.96,,,,62.10666666666667,554.5333333333333,4.826666666666667,9.242222222222221
2023-10-14,07:00,71.672,13.04,,,,62.56,557.8,4.84,9.296666666666667
2023-10-14,07:10,72.21600000000001,13.120000000000001,,,,63.013333333333335,561.0666666666666,4.8533333333333335,9.351111111111111
2023-10-14,07:20,72.75999999999999,13.2,,,,63.46666666666667,564.3333333333334,4.866666666666667,9.405555555555555
2023-10-14,07:30,73.304,13.280000000000001,,,,63.92,567.6,4.88,9.459999999999999
2023-10-14,07:40,73.848,13.36,,,,64.37333333333333,570.8666666666667,4.8933333333333335,9.514444444444443
2023-10-14,07:50,74.39200000000001,13.440000000000001,,,,64.82666666666667,574.1333333333333,4.906666666666666,9.568888888888889
2023-10-14,08:00,74.93599999999999,13.52,,,,65.28,577.4,4.92,9.623333333333333
2023-10-14,08:10,75.48,13.600000000000001,,,,65.73333333333333,580.6666666666666,4.933333333333334,9.677777777777777
2023-10-14,08:20,76.024,13.68,,,,66.18666666666667,583.9333333333334,4.946666666666667,9.732222222222221
2023-10-14,08:30,76.568,13.76,,,,66.64,587.2,4.96,9.786666666666665
2023-10-14,08:40,77.112,13.84,,,,67.09333333333333,590.4666666666667,4.973333333333334,9.841111111111111
2023-10-14,08:50,77.65599999999999,13.92,,,,67.54666666666667,593.7333333333333,4.986666666666666,9.895555555555555
2023-10-14,09:00,78.2,14.0,Sunny,Sale,False,68.0,597.0,5.0,9.95
2023-10-14,09:10,82.73333333333332,16.0,,,,74.66666666666667,696.6666666666666,5.0,11.61111111111111
2023-10-14,09:20,87.26666666666667,18.0,,,,81.33333333333333,796.3333333333334,5.0,13.272222222222222
2023-10-14,09:30,91.8,20.0,Sunny,None,False,88.0,896.0,5.0,14.933333333333334
2023-10-14,09:40,91.8,18.666666666666668,,,,85.66666666666667,859.3333333333334,5.0,14.322222222222223
2023-10-14,09:50,91.8,17.333333333333332,,,,83.33333333333333,822.6666666666666,5.0,13.71111111111111
2023-10-14,10:00,91.8,16.0,Cloudy,None,False,81.0,786.0,5.0,13.1
2023-10-14,10:10,94.91666666666667,18.0,,,,86.33333333333333,872.6666666666666,5.0,14.544444444444444
2023-10-14,10:20,98.03333333333333,20.0,,,,91.66666666666667,959.3333333333334,5.0,15.988888888888889
2023-10-14,10:30,101.14999999999999,22.0,Sunny,Concert,True,97.0,1046.0,5.0,17.433333333333334
2023-10-14,10:40,98.03333333333333,21.0,,,,94.33333333333333,981.0,5.0,16.35
2023-10-14,10:50,94.91666666666667,20.0,,,,91.66666666666667,916.0,5.0,15.266666666666667
2023-10-14,11:00,91.8,19.0,Sunny,None,False,89.0,851.0,5.0,14.183333333333334
2023-10-14,11:10,90.66666666666667,18.333333333333332,,,,88.0,867.6666666666666,5.0,14.461111111111112
2023-10-14,11:20,89.53333333333333,17.666666666666668,,,,87.0,884.3333333333334,5.0,14.738888888888889
2023-10-14,11:30,88.39999999999999,17.0,Cloudy,None,False,86.0,901.0,5.0,15.016666666666667
2023-10-14,11:40,82.45,17.0,,,,80.66666666666667,848.0,5.0,14.133333333333335
2023-10-14,11:50,76.5,17.0,,,,75.33333333333333,795.0,5.0,13.25
2023-10-14,12:00,70.55,17.0,Sunny,Concert,False,70.0,742.0,5.0,12.366666666666667
2023-10-14,12:10,75.64999999999999,17.666666666666668,,,,71.66666666666667,717.6666666666666,5.0,11.961111111111112
2023-10-14,12:20,80.75,18.333333333333332,,,,73.33333333333333,693.3333333333334,5.0,11.555555555555555
2023-10-14,12:30,85.85,19.0,Sunny,Concert,False,75.0,669.0,5.0,11.15
2023-10-14,12:40,88.11666666666667,21.0,,,,80.0,731.3333333333334,5.0,12.18888888888889
2023-10-14,12:50,90.38333333333333,23.0,,,,85.0,793.6666666666666,5.0,13.227777777777778
2023-10-14,13:00,92.64999999999999,25.0,Sunny,Concert,False,90.0,856.0,5.0,14.266666666666667
2023-10-14,13:10,96.33333333333333,25.0,,,,91.66666666666667,900.6666666666666,5.0,15.011111111111111
2023-10-14,13:20,100.01666666666667,25.0,,,,93.33333333333333,945.3333333333334,5.0,15.755555555555556
2023-10-14,13:30,103.7,25.0,Cloudy,Sale,False,95.0,990.0,5.0,16.5
2023-10-14,13:40,101.43333333333332,24.0,,,,94.0,968.0,5.0,16.133333333333333
2023-10-14,13:50,99.16666666666667,23.0,,,,93.0,946.0,5.0,15.766666666666667
2023-10-14,14:00,96.89999999999999,22.0,Cloudy,Concert,True,92.0,924.0,5.0,15.4
2023-10-14,14:10,93.5,22.333333333333332,,,,88.33333333333333,849.0,5.0,14.15
2023-10-14,14:20,90.1,22.666666666666668,,,,84.66666666666667,774.0,5.0,12.9
2023-10-14,14:30,86.7,23.0,Cloudy,Sale,False,81.0,699.0,5.0,11.65
2023-10-14,14:40,89.81666666666666,22.0,,,,82.33333333333333,744.6666666666666,5.0,12.411111111111111
2023-10-14,14:50,92.93333333333332,21.0,,,,83.66666666666667,790.3333333333334,5.0,13.172222222222222
2023-10-14,15:00,96.05,20.0,Cloudy,Concert,False,85.0,836.0,5.0,13.933333333333334
2023-10-14,15:10,89.81666666666666,20.666666666666668,,,,81.33333333333333,812.3333333333334,5.0,13.53888888888889
2023-10-14,15:20,83.58333333333333,21.333333333333332,,,,77.66666666666667,788.6666666666666,5.0,13.144444444444444
2023-10-14,15:30,77.35,22.0,Rainy,None,False,74.0,765.0,5.0,12.75
2023-10-14,15:40,79.89999999999999,21.0,,,,75.0,746.3333333333334,5.0,12.438888888888888
2023-10-14,15:50,82.45,20.0,,,,76.0,727.6666666666666,5.0,12.127777777777778
2023-10-14,16:00,85.0,19.0,Rainy,None,False,77.0,709.0,5.0,11.816666666666666
2023-10-14,16:10,86.7,20.333333333333332,,,,79.66666666666667,734.0,5.0,12.233333333333333
2023-10-14,16:20,88.39999999999999,21.666666666666668,,,,82.33333333333333,759.0,5.0,12.65
2023-10-14,16:30,90.1,23.0,Cloudy,Concert,True,85.0,784.0,5.0,13.066666666666666
2023-10-14,16:40,85.28333333333333,22.333333333333332,,,,81.33333333333333,773.6666666666666,5.0,12.894444444444444
2023-10-14,16:50,80.46666666666667,21.666666666666668,,,,77.66666666666667,763.3333333333334,5.0,12.722222222222223
2023-10-14,17:00,75.64999999999999,21.0,Cloudy,None,True,74.0,753.0,5.0,12.55
2023-10-14,17:10,78.76666666666667,20.0,,,,76.0,757.6666666666666,5.0,12.627777777777778
2023-10-14,17:20,81.88333333333333,19.0,,,,78.0,762.3333333333334,5.0,12.705555555555554
2023-10-14,17:30,85.0,18.0,Cloudy,Concert,True,80.0,767.0,5.0,12.783333333333331
2023-10-14,17:40,83.01666666666667,19.333333333333332,,,,77.0,759.6666666666666,5.0,12.66111111111111
2023-10-14,17:50,81.03333333333333,20.666666666666668,,,,74.0,752.3333333333334,5.0,12.538888888888888
2023-10-14,18:00,79.05,22.0,Cloudy,Sale,False,71.0,745.0,5.0,12.416666666666666
2023-10-14,18:10,81.03333333333333,20.0,,,,74.0,774.3333333333334,5.0,12.905555555555555
2023-10-14,18:20,83.01666666666667,18.0,,,,77.0,803.6666666666666,5.0,13.394444444444444
2023-10-14,18:30,85.0,16.0,Sunny,None,False,80.0,833.0,5.0,13.883333333333333
2023-10-14,18:40,86.13333333333333,16.666666666666668,,,,82.0,829.3333333333334,5.0,13.822222222222221
2023-10-14,18:50,87.26666666666667,17.333333333333332,,,,84.0,825.6666666666666,5.0,13.761111111111111
2023-10-14,19:00,88.39999999999999,18.0,Cloudy,Sale,True,86.0,822.0,5.0,13.7
2023-10-14,19:10,86.7,19.333333333333332,,,,84.66666666666667,820.3333333333334,5.0,13.672222222222222
2023-10-14,19:20,85.0,20.666666666666668,,,,83.33333333333333,818.6666666666666,5.0,13.644444444444444
2023-10-14,19:30,83.3,22.0,Cloudy,Concert,True,82.0,817.0,5.0,13.616666666666667
2023-10-14,19:40,86.13333333333333,22.0,,,,82.66666666666667,829.0,5.0,13.816666666666668
2023-10-14,19:50,88.96666666666667,22.0,,,,83.33333333333333,841.0,5.0,14.016666666666667
2023-10-14,20:00,91.8,22.0,Cloudy,Concert,True,84.0,853.0,5.0,14.216666666666669
2023-10-14,20:10,81.31666666666666,18.666666666666668,,,,74.33333333333333,758.6666666666666,5.0,12.644444444444446
2023-10-14,20:20,70.83333333333333,15.333333333333332,,,,64.66666666666667,664.3333333333334,5.0,11.072222222222223
2023-10-14,20:30,60.35,12.0,Cloudy,None,False,55.0,570.0,5.0,9.5
2023-10-14,20:40,60.690000000000005,12.146666666666667,,,,55.266666666666666,572.7866666666666,5.013333333333334,9.546444444444445
2023-10-14,20:50,61.029999999999994,12.293333333333333,,,,55.53333333333333,575.5733333333334,5.026666666666666,9.592888888888888
2023-10-14,21:00,61.37,12.44,,,,55.8,578.36,5.04,9.639333333333333
2023-10-14,21:10,61.709999999999994,12.586666666666666,,,,56.06666666666667,581.1466666666666,5.053333333333334,9.685777777777778
2023-10-14,21:20,62.05,12.733333333333334,,,,56.333333333333336,583.9333333333333,5.066666666666666,9.732222222222223
2023-10-14,21:30,62.39,12.88,,,,56.6,586.72,5.08,9.778666666666666
2023-10-14,21:40,62.73,13.026666666666667,,,,56.86666666666667,589.5066666666667,5.093333333333334,9.825111111111111
2023-10-14,21:50,63.07,13.173333333333334,,,,57.13333333333333,592.2933333333333,5.1066666666666665,9.871555555555556
2023-10-14,22:00,63.41,13.32,,,,57.4,595.08,5.12,9.918
2023-10-14,22:10,63.75,13.466666666666667,,,,57.666666666666664,597.8666666666667,5.133333333333334,9.964444444444444
2023-10-14,22:20,64.09,13.613333333333333,,,,57.93333333333333,600.6533333333333,5.1466666666666665,10.01088888888889
2023-10-14,22:30,64.42999999999999,13.76,,,,58.2,603.44,5.16,10.057333333333332
2023-10-14,22:40,64.77,13.906666666666666,,,,58.46666666666667,606.2266666666667,5.173333333333334,10.103777777777777
2023-10-14,22:50,65.11,14.053333333333333,,,,58.733333333333334,609.0133333333333,5.1866666666666665,10.150222222222222
2023-10-14,23:00,65.45,14.2,,,,59.0,611.8,5.2,10.196666666666667
2023-10-14,23:10,65.79,14.346666666666668,,,,59.266666666666666,614.5866666666667,5.213333333333333,10.24311111111111
2023-10-14,23:20,66.13,14.493333333333332,,,,59.53333333333333,617.3733333333333,5.226666666666667,10.289555555555555
2023-10-14,23:30,66.47,14.64,,,,59.8,620.16,5.24,10.336
2023-10-14,23:40,66.80999999999999,14.786666666666667,,,,60.06666666666666,622.9466666666667,5.253333333333333,10.382444444444443
2023-10-14,23:50,67.14999999999999,14.933333333333334,,,,60.333333333333336,625.7333333333333,5.266666666666667,10.428888888888888
2023-10-15,00:00,67.49000000000001,15.08,,,,60.6,628.52,5.28,10.475333333333333
2023-10-15,00:10,67.83,15.226666666666667,,,,60.86666666666667,631.3066666666666,5.293333333333333,10.521777777777778
2023-10-15,00:20,68.17,15.373333333333333,,,,61.13333333333333,634.0933333333334,5.306666666666667,10.568222222222222
2023-10-15,00:30,68.50999999999999,15.52,,,,61.4,636.88,5.32,10.614666666666666
2023-10-15,00:40,68.85,15.666666666666666,,,,61.666666666666664,639.6666666666666,5.333333333333333,10.661111111111111
2023-10-15,00:50,69.19,15.813333333333333,,,,61.93333333333334,642.4533333333334,5.346666666666667,10.707555555555555
2023-10-15,01:00,69.53,15.96,,,,62.2,645.24,5.36,10.754
2023-10-15,01:10,69.87,16.106666666666666,,,,62.46666666666667,648.0266666666666,5.373333333333333,10.800444444444445
2023-10-15,01:20,70.21,16.253333333333334,,,,62.733333333333334,650.8133333333333,5.386666666666667,10.846888888888888
2023-10-15,01:30,70.55,16.4,,,,63.0,653.6,5.4,10.893333333333333
2023-10-15,01:40,70.89,16.546666666666667,,,,63.266666666666666,656.3866666666667,5.413333333333333,10.939777777777778
2023-10-15,01:50,71.22999999999999,16.693333333333335,,,,63.53333333333333,659.1733333333333,5.426666666666667,10.986222222222223
2023-10-15,02:00,71.57000000000001,16.84,,,,63.8,661.96,5.44,11.032666666666666
2023-10-15,02:10,71.91,16.986666666666665,,,,64.06666666666666,664.7466666666667,5.453333333333333,11.07911111111111
2023-10-15,02:20,72.25,17.133333333333333,,,,64.33333333333333,667.5333333333333,5.466666666666667,11.125555555555556
2023-10-15,02:30,72.59,17.28,,,,64.6,670.3199999999999,5.48,11.172
2023-10-15,02:40,72.92999999999999,17.426666666666666,,,,64.86666666666667,673.1066666666667,5.493333333333333,11.218444444444444
2023-10-15,02:50,73.27,17.573333333333334,,,,65.13333333333333,675.8933333333333,5.506666666666667,11.264888888888889
2023-10-15,03:00,73.61,17.72,,,,65.4,678.68,5.52,11.311333333333334
2023-10-15,03:10,73.95,17.866666666666667,,,,65.66666666666667,681.4666666666667,5.533333333333333,11.357777777777777
2023-10-15,03:20,74.29,18.013333333333335,,,,65.93333333333334,684.2533333333333,5.546666666666667,11.404222222222222
2023-10-15,03:30,74.63,18.16,,,,66.2,687.04,5.5600000000000005,11.450666666666667
2023-10-15,03:40,74.97,18.306666666666665,,,,66.46666666666667,689.8266666666667,5.573333333333333,11.49711111111111
2023-10-15,03:50,75.30999999999999,18.453333333333333,,,,66.73333333333333,692.6133333333333,5.586666666666667,11.543555555555555
2023-10-15,04:00,75.64999999999999,18.6,,,,67.0,695.4,5.6,11.59
2023-10-15,04:10,75.99000000000001,18.746666666666666,,,,67.26666666666667,698.1866666666667,5.613333333333333,11.636444444444443
2023-10-15,04:20,76.33,18.893333333333334,,,,67.53333333333333,700.9733333333334,5.626666666666667,11.682888888888888
2023-10-15,04:30,76.67,19.04,,,,67.8,703.76,5.64,11.729333333333333
2023-10-15,04:40,77.00999999999999,19.186666666666667,,,,68.06666666666666,706.5466666666666,5.653333333333333,11.775777777777778
2023-10-15,04:50,77.35,19.333333333333332,,,,68.33333333333333,709.3333333333334,5.666666666666667,11.822222222222221
2023-10-15,05:00,77.69,19.48,,,,68.6,712.12,5.68,11.868666666666666
2023-10-15,05:10,78.03,19.626666666666665,,,,68.86666666666667,714.9066666666666,5.693333333333333,11.915111111111111
2023-10-15,05:20,78.37,19.773333333333333,,,,69.13333333333333,717.6933333333334,5.706666666666667,11.961555555555556
2023-10-15,05:30,78.71,19.92,,,,69.4,720.48,5.72,12.008
2023-10-15,05:40,79.05,20.066666666666666,,,,69.66666666666667,723.2666666666667,5.733333333333333,12.054444444444444
2023-10-15,05:50,79.39,20.21333333333333,,,,69.93333333333334,726.0533333333333,5.746666666666667,12.100888888888889
2023-10-15,06:00,79.72999999999999,20.36,,,,70.2,728.84,5.76,12.147333333333332
2023-10-15,06:10,80.07000000000001,20.506666666666668,,,,70.46666666666667,731.6266666666667,5.773333333333333,12.193777777777777
2023-10-15,06:20,80.41,20.653333333333336,,,,70.73333333333333,734.4133333333333,5.786666666666667,12.240222222222222
2023-10-15,06:30,80.75,20.8,,,,71.0,737.2,5.8,12.286666666666665
2023-10-15,06:40,81.09,20.946666666666665,,,,71.26666666666667,739.9866666666667,5.8133333333333335,12.33311111111111
2023-10-15,06:50,81.42999999999999,21.093333333333334,,,,71.53333333333333,742.7733333333333,5.826666666666667,12.379555555555555
2023-10-15,07:00,81.77,21.240000000000002,,,,71.8,745.56,5.84,12.425999999999998
2023-10-15,07:10,82.11,21.386666666666667,,,,72.06666666666666,748.3466666666667,5.8533333333333335,12.472444444444443
2023-10-15,07:20,82.45,21.53333333333333,,,,72.33333333333333,751.1333333333333,5.866666666666667,12.518888888888888
2023-10-15,07:30,82.79,21.68,,,,72.6,753.92,5.88,12.565333333333333
2023-10-15,07:40,83.13,21.826666666666668,,,,72.86666666666667,756.7066666666667,5.8933333333333335,12.611777777777776
2023-10-15,07:50,83.47,21.973333333333333,,,,73.13333333333333,759.4933333333333,5.906666666666666,12.658222222222221
2023-10-15,08:00,83.80999999999999,22.119999999999997,,,,73.4,762.28,5.92,12.704666666666666
2023-10-15,08:10,84.14999999999999,22.266666666666666,,,,73.66666666666667,765.0666666666666,5.933333333333334,12.751111111111111
2023-10-15,08:20,84.49000000000001,22.413333333333334,,,,73.93333333333334,767.8533333333334,5.946666666666667,12.797555555555554
2023-10-15,08:30,84.83,22.560000000000002,,,,74.2,770.64,5.96,12.844
2023-10-15,08:40,85.17,22.706666666666667,,,,74.46666666666667,773.4266666666667,5.973333333333334,12.890444444444444
2023-10-15,08:50,85.50999999999999,22.85333333333333,,,,74.73333333333333,776.2133333333334,5.986666666666666,12.936888888888888
2023-10-15,09:00,85.85,23.0,Sunny,None,False,75.0,779.0,6.0,12.983333333333333
2023-10-15,09:10,83.3,19.666666666666668,,,,72.66666666666667,735.6666666666666,6.0,12.261111111111111
2023-10-15,09:20,80.75,16.333333333333332,,,,70.33333333333333,692.3333333333334,6.0,11.538888888888888
2023-10-15,09:30,78.2,13.0,Rainy,None,False,68.0,649.0,6.0,10.816666666666666
2023-10-15,09:40,73.95,12.0,,,,64.66666666666667,635.0,6.0,10.583333333333334
2023-10-15,09:50,69.7,11.0,,,,61.333333333333336,621.0,6.0,10.35
2023-10-15,10:00,65.45,10.0,Sunny,Concert,False,58.0,607.0,6.0,10.116666666666667
2023-10-15,10:10,70.83333333333333,13.666666666666666,,,,64.66666666666667,678.0,6.0,11.3
2023-10-15,10:20,76.21666666666667,17.333333333333332,,,,71.33333333333333,749.0,6.0,12.483333333333333
2023-10-15,10:30,81.6,21.0,Rainy,Sale,False,78.0,820.0,6.0,13.666666666666666
2023-10-15,10:40,75.64999999999999,17.333333333333332,,,,72.66666666666667,749.3333333333334,6.0,12.488888888888889
2023-10-15,10:50,69.7,13.666666666666668,,,,67.33333333333333,678.6666666666666,6.0,11.31111111111111
2023-10-15,11:00,63.75,10.0,Cloudy,Concert,False,62.0,608.0,6.0,10.133333333333333
2023-10-15,11:10,68.85,13.333333333333334,,,,66.0,638.3333333333334,6.0,10.63888888888889
2023-10-15,11:20,73.95,16.666666666666668,,,,70.0,668.6666666666666,6.0,11.144444444444444
2023-10-15,11:30,79.05,20.0,Rainy,Concert,False,74.0,699.0,6.0,11.65
2023-10-15,11:40,77.06666666666666,17.333333333333332,,,,72.0,690.6666666666666,6.0,11.511111111111111
2023-10-15,11:50,75.08333333333333,14.666666666666668,,,,70.0,682.3333333333334,6.0,11.372222222222222
2023-10-15,12:00,73.1,12.0,Rainy,Sale,True,68.0,674.0,6.0,11.233333333333333
2023-10-15,12:10,78.76666666666667,13.666666666666666,,,,71.66666666666667,698.3333333333334,6.0,11.638888888888888
2023-10-15,12:20,84.43333333333332,15.333333333333334,,,,75.33333333333333,722.6666666666666,6.0,12.044444444444444
2023-10-15,12:30,90.1,17.0,Sunny,Concert,False,79.0,747.0,6.0,12.45
2023-10-15,12:40,90.38333333333333,18.666666666666668,,,,80.66666666666667,768.6666666666666,6.0,12.81111111111111
2023-10-15,12:50,90.66666666666667,20.333333333333332,,,,82.33333333333333,790.3333333333334,6.0,13.17222222222222
2023-10-15,13:00,90.95,22.0,Cloudy,Concert,False,84.0,812.0,6.0,13.533333333333331
2023-10-15,13:10,89.25,21.333333333333332,,,,81.66666666666667,789.3333333333334,6.0,13.155555555555555
2023-10-15,13:20,87.55,20.666666666666668,,,,79.33333333333333,766.6666666666666,6.0,12.777777777777777
2023-10-15,13:30,85.85,20.0,Cloudy,None,False,77.0,744.0,6.0,12.4
2023-10-15,13:40,81.31666666666666,17.333333333333332,,,,74.0,706.3333333333334,6.0,11.772222222222222
2023-10-15,13:50,76.78333333333333,14.666666666666668,,,,71.0,668.6666666666666,6.0,11.144444444444446
2023-10-15,14:00,72.25,12.0,Cloudy,None,False,68.0,631.0,6.0,10.516666666666667
2023-10-15,14:10,76.5,13.333333333333334,,,,70.33333333333333,677.3333333333334,6.0,11.28888888888889
2023-10-15,14:20,80.75,14.666666666666666,,,,72.66666666666667,723.6666666666666,6.0,12.061111111111112
2023-10-15,14:30,85.0,16.0,Cloudy,Sale,False,75.0,770.0,6.0,12.833333333333334
2023-10-15,14:40,80.46666666666667,17.0,,,,71.66666666666667,743.0,6.0,12.383333333333333
2023-10-15,14:50,75.93333333333332,18.0,,,,68.33333333333333,716.0,6.0,11.933333333333334
2023-10-15,15:00,71.39999999999999,19.0,Rainy,None,True,65.0,689.0,6.0,11.483333333333333
2023-10-15,15:10,75.08333333333333,19.333333333333332,,,,67.66666666666667,677.3333333333334,6.0,11.288888888888888
2023-10-15,15:20,78.76666666666667,19.666666666666668,,,,70.33333333333333,665.6666666666666,6.0,11.094444444444445
2023-10-15,15:30,82.45,20.0,Cloudy,Concert,False,73.0,654.0,6.0,10.9
2023-10-15,15:40,81.31666666666666,18.333333333333332,,,,71.66666666666667,654.6666666666666,6.0,10.911111111111111
2023-10-15,15:50,80.18333333333332,16.666666666666668,,,,70.33333333333333,655.3333333333334,6.0,10.922222222222222
2023-10-15,16:00,79.05,15.0,Sunny,None,False,69.0,656.0,6.0,10.933333333333334
2023-10-15,16:10,80.18333333333332,16.333333333333332,,,,72.33333333333333,735.3333333333334,6.0,12.255555555555556
2023-10-15,16:20,81.31666666666666,17.666666666666668,,,,75.66666666666667,814.6666666666666,6.0,13.577777777777778
2023-10-15,16:30,82.45,19.0,Rainy,None,False,79.0,894.0,6.0,14.9
2023-10-15,16:40,80.18333333333332,19.333333333333332,,,,77.66666666666667,831.3333333333334,6.0,13.855555555555556
2023-10-15,16:50,77.91666666666667,19.666666666666668,,,,76.33333333333333,768.6666666666666,6.0,12.811111111111112
2023-10-15,17:00,75.64999999999999,20.0,Rainy,Sale,False,75.0,706.0,6.0,11.766666666666667
2023-10-15,17:10,79.33333333333333,19.666666666666668,,,,77.33333333333333,764.3333333333334,6.0,12.738888888888889
2023-10-15,17:20,83.01666666666667,19.333333333333332,,,,79.66666666666667,822.6666666666666,6.0,13.711111111111112
2023-10-15,17:30,86.7,19.0,Cloudy,Concert,False,82.0,881.0,6.0,14.683333333333334
2023-10-15,17:40,91.23333333333332,18.666666666666668,,,,85.0,934.3333333333334,6.0,15.572222222222223
2023-10-15,17:50,95.76666666666667,18.333333333333332,,,,88.0,987.6666666666666,6.0,16.461111111111112
2023-10-15,18:00,100.3,18.0,Sunny,Concert,False,91.0,1041.0,6.0,17.35
2023-10-15,18:10,92.08333333333333,18.333333333333332,,,,84.66666666666667,907.0,6.0,15.116666666666667
2023-10-15,18:20,83.86666666666667,18.666666666666668,,,,78.33333333333333,773.0,6.0,12.883333333333333
2023-10-15,18:30,75.64999999999999,19.0,Rainy,None,True,72.0,639.0,6.0,10.65
2023-10-15,18:40,81.31666666666666,19.666666666666668,,,,78.33333333333333,725.3333333333334,6.0,12.08888888888889
2023-10-15,18:50,86.98333333333332,20.333333333333332,,,,84.66666666666667,811.6666666666666,6.0,13.527777777777779
2023-10-15,19:00,92.64999999999999,21.0,Rainy,Sale,True,91.0,898.0,6.0,14.966666666666669
2023-10-15,19:10,92.08333333333333,20.666666666666668,,,,89.33333333333333,937.0,6.0,15.616666666666669
2023-10-15,19:20,91.51666666666667,20.333333333333332,,,,87.66666666666667,976.0,6.0,16.26666666666667
2023-10-15,19:30,90.95,20.0,Rainy,Sale,False,86.0,1015.0,6.0,16.916666666666668
2023-10-15,19:40,88.39999999999999,19.0,,,,81.66666666666667,918.0,6.0,15.3
2023-10-15,19:50,85.85,18.0,,,,77.33333333333333,821.0,6.0,13.683333333333334
2023-10-15,20:00,83.3,17.0,Sunny,Concert,False,73.0,724.0,6.0,12.066666666666666
2023-10-15,20:10,84.71666666666667,19.333333333333332,,,,74.66666666666667,717.0,6.0,11.950000000000001
2023-10-15,20:20,86.13333333333333,21.666666666666668,,,,76.33333333333333,710.0,6.0,11.833333333333334
2023-10-15,20:30,87.55,24.0,Rainy,Sale,False,78.0,703.0,6.0,11.716666666666669
